Geocod;V012;V013;V014;V015
1100015;2;151;2;151
1100023;17;423;17;423
1100031;0;12;0;12
1100049;3;122;3;122
1100056;4;134;4;134
1100064;3;172;3;172
1100072;0;58;0;58
1100080;0;322;0;322
1100098;11;198;11;198
1100106;1;620;1;620
1100114;13;394;13;394
1100122;12;544;12;544
1100130;2;222;2;222
1100148;0;100;0;100
1100155;1;222;1;222
1100189;9;91;9;91
1100205;113;2292;113;2292
1100254;16;205;16;205
1100262;0;4;0;4
1100288;4;126;4;126
1100296;6;123;6;123
1100304;1;6;1;6
1100320;0;47;0;47
1100338;2;893;2;893
1100346;0;74;0;74
1100379;2;59;2;59
1100403;2;19;2;19
1100452;3;229;3;229
1100502;0;8;0;8
1100601;0;6;0;6
1100700;2;43;2;43
1100809;1;447;1;447
1100908;0;12;0;12
1100924;0;3;0;3
1100940;0;341;0;341
1101005;0;20;0;20
1101104;0;105;0;105
1101203;0;2;0;2
1101302;0;258;0;258
1101401;15;16;15;16
1101435;2;14;2;14
1101450;0;10;0;10
1101468;0;11;0;11
1101476;1;2;1;2
1101484;1;14;1;14
1101492;0;361;0;361
1101500;0;79;0;79
1101559;2;14;2;14
1101609;2;30;2;30
1101708;21;76;21;76
1101757;1;49;1;49
1101807;0;35;0;35
1200013;1;24;1;24
1200054;0;37;0;37
1200104;11;64;11;64
1200138;4;27;4;27
1200179;1;3;1;3
1200203;77;733;77;733
1200252;0;64;0;64
1200302;1;204;1;204
1200328;0;3;0;3
1200336;7;244;7;244
1200344;2;82;2;82
1200351;0;49;0;49
1200385;20;226;20;226
1200393;2;42;2;42
1200401;53;924;53;924
1200427;2;34;2;34
1200435;0;14;0;14
1200450;0;129;0;129
1200500;12;300;12;300
1200609;5;200;5;200
1200708;0;66;0;66
1200807;0;24;0;24
1300029;6;49;6;49
1300060;0;22;0;22
1300086;0;2;0;2
1300102;1;30;1;30
1300144;28;158;28;158
1300201;63;163;63;163
1300300;5;194;5;194
1300409;2;75;2;75
1300508;1;117;1;117
1300607;20;196;20;196
1300631;8;75;8;75
1300680;0;62;0;62
1300706;13;303;13;303
1300805;0;11;0;11
1300839;18;99;18;99
1300904;0;15;0;15
1301001;18;46;18;46
1301100;0;17;0;17
1301159;0;0;0;0
1301209;35;743;35;743
1301308;7;125;7;125
1301407;19;818;19;818
1301506;14;97;14;97
1301605;25;80;25;80
1301654;42;174;42;174
1301704;4;33;4;33
1301803;22;81;22;81
1301852;0;171;0;171
1301902;0;11;0;11
1301951;12;184;12;184
1302009;1;2;1;2
1302108;0;31;0;31
1302207;34;128;34;128
1302306;16;47;16;47
1302405;81;477;81;477
1302504;8;224;8;224
1302553;0;6;0;6
1302603;161;1550;161;1550
1302702;0;204;0;204
1302801;0;54;0;54
1302900;2;64;2;64
1303007;0;0;0;0
1303106;2;58;2;58
1303205;0;24;0;24
1303304;73;1055;73;1055
1303403;0;17;0;17
1303502;5;266;5;266
1303536;0;8;0;8
1303569;0;83;0;83
1303601;0;23;0;23
1303700;10;479;10;479
1303809;1;293;1;293
1303908;22;614;22;614
1303957;0;16;0;16
1304005;0;3;0;3
1304062;8;331;8;331
1304104;6;120;6;120
1304203;24;162;24;162
1304237;10;384;10;384
1304260;1;38;1;38
1304302;0;5;0;5
1304401;0;181;0;181
1400027;0;0;0;0
1400050;0;0;0;0
1400100;5;364;5;364
1400159;0;47;0;47
1400175;0;0;0;0
1400209;1;12;1;12
1400233;3;8;3;8
1400282;1;0;1;0
1400308;0;17;0;17
1400407;0;7;0;7
1400456;0;8;0;8
1400472;3;60;3;60
1400506;1;18;1;18
1400605;0;8;0;8
1400704;0;9;0;9
1500107;4;303;4;303
1500131;0;44;0;44
1500206;0;177;0;177
1500305;0;36;0;36
1500347;1;75;1;75
1500404;12;513;12;513
1500503;3;122;3;122
1500602;42;1078;42;1078
1500701;0;220;0;220
1500800;89;1303;89;1303
1500859;34;445;34;445
1500909;6;559;6;559
1500958;0;26;0;26
1501006;1;202;1;202
1501105;0;167;0;167
1501204;0;42;0;42
1501253;1;12;1;12
1501303;16;110;16;110
1501402;125;799;125;799
1501403;68;2425;68;2425
1501451;0;223;0;223
1501501;0;285;0;285
1501576;0;127;0;127
1501600;0;19;0;19
1501709;22;1584;22;1584
1501725;0;16;0;16
1501758;2;27;2;27
1501782;1;72;1;72
1501808;3;315;3;315
1501907;0;28;0;28
1501956;0;129;0;129
1502004;0;77;0;77
1502103;3;235;3;235
1502152;1;53;1;53
1502202;16;237;16;237
1502301;8;64;8;64
1502400;69;940;69;940
1502509;0;51;0;51
1502608;0;34;0;34
1502707;1;186;1;186
1502756;13;363;13;363
1502764;2;45;2;45
1502772;9;262;9;262
1502806;0;373;0;373
1502855;0;34;0;34
1502905;1;89;1;89
1502939;0;486;0;486
1502954;5;1280;5;1280
1503002;0;29;0;29
1503044;0;1033;0;1033
1503077;37;627;37;627
1503093;17;691;17;691
1503101;0;13;0;13
1503200;1;121;1;121
1503309;24;463;24;463
1503408;1;12;1;12
1503457;0;58;0;58
1503507;0;44;0;44
1503606;10;940;10;940
1503705;19;776;19;776
1503754;0;145;0;145
1503804;4;808;4;808
1503903;4;45;4;45
1504000;4;50;4;50
1504059;0;266;0;266
1504109;3;19;3;19
1504208;123;3760;123;3760
1504307;5;158;5;158
1504406;3;125;3;125
1504422;4;1785;4;1785
1504455;8;296;8;296
1504505;21;114;21;114
1504604;9;162;9;162
1504703;10;427;10;427
1504802;19;447;19;447
1504901;0;107;0;107
1504950;0;214;0;214
1504976;27;252;27;252
1505007;1;41;1;41
1505031;2;140;2;140
1505064;3;909;3;909
1505106;2;235;2;235
1505205;0;32;0;32
1505304;40;795;40;795
1505403;2;42;2;42
1505437;0;33;0;33
1505486;26;1053;26;1053
1505494;0;74;0;74
1505502;9;322;9;322
1505536;33;356;33;356
1505551;0;185;0;185
1505601;0;20;0;20
1505635;0;46;0;46
1505650;0;234;0;234
1505700;7;223;7;223
1505809;26;408;26;408
1505908;0;27;0;27
1506005;0;176;0;176
1506104;1;97;1;97
1506112;26;165;26;165
1506138;2;1537;2;1537
1506161;6;146;6;146
1506187;2;48;2;48
1506195;0;299;0;299
1506203;6;478;6;478
1506302;2;278;2;278
1506351;2;115;2;115
1506401;0;18;0;18
1506500;34;424;34;424
1506559;1;72;1;72
1506583;1;203;1;203
1506609;2;39;2;39
1506708;0;286;0;286
1506807;121;829;121;829
1506906;0;5;0;5
1507003;3;136;3;136
1507102;3;57;3;57
1507151;0;176;0;176
1507201;0;52;0;52
1507300;14;679;14;679
1507409;0;22;0;22
1507458;3;68;3;68
1507466;0;0;0;0
1507474;6;475;6;475
1507508;0;41;0;41
1507607;43;1139;43;1139
1507706;1;103;1;103
1507755;0;4;0;4
1507805;0;9;0;9
1507904;0;269;0;269
1507953;8;515;8;515
1507961;1;6;1;6
1507979;0;6;0;6
1508001;0;295;0;295
1508035;4;131;4;131
1508050;3;314;3;314
1508084;2;706;2;706
1508100;6;389;6;389
1508126;27;330;27;330
1508159;5;854;5;854
1508209;0;170;0;170
1508308;1;604;1;604
1508357;8;317;8;317
1508407;5;539;5;539
1600055;0;12;0;12
1600105;0;44;0;44
1600154;2;27;2;27
1600204;0;138;0;138
1600212;0;2;0;2
1600238;0;17;0;17
1600253;0;0;0;0
1600279;1;95;1;95
1600303;23;640;23;640
1600402;15;299;15;299
1600501;0;137;0;137
1600535;2;42;2;42
1600550;0;24;0;24
1600600;7;237;7;237
1600709;5;65;5;65
1600808;0;17;0;17
1700251;0;2;0;2
1700301;0;4;0;4
1700350;1;34;1;34
1700400;0;20;0;20
1700707;0;25;0;25
1701002;3;27;3;27
1701051;0;7;0;7
1701101;0;18;0;18
1701309;0;1;0;1
1701903;0;1;0;1
1702000;0;25;0;25
1702109;1;361;1;361
1702158;0;15;0;15
1702208;0;130;0;130
1702307;0;30;0;30
1702406;1;13;1;13
1702554;0;97;0;97
1702703;0;0;0;0
1702901;14;38;14;38
1703008;0;4;0;4
1703057;0;0;0;0
1703073;0;100;0;100
1703107;0;8;0;8
1703206;0;0;0;0
1703305;0;2;0;2
1703602;0;1;0;1
1703701;4;36;4;36
1703800;0;24;0;24
1703826;0;16;0;16
1703842;2;44;2;44
1703867;0;12;0;12
1703883;0;7;0;7
1703891;0;36;0;36
1703909;0;11;0;11
1704105;0;6;0;6
1704600;0;4;0;4
1705102;0;2;0;2
1705508;2;41;2;41
1705557;0;1;0;1
1705607;0;18;0;18
1706001;0;9;0;9
1706100;0;5;0;5
1706258;0;0;0;0
1706506;0;2;0;2
1707009;0;25;0;25
1707108;1;17;1;17
1707207;0;2;0;2
1707306;2;9;2;9
1707405;0;84;0;84
1707553;0;7;0;7
1707652;0;20;0;20
1707702;0;28;0;28
1708205;4;192;4;192
1708254;0;1;0;1
1708304;2;18;2;18
1709005;0;48;0;48
1709302;0;36;0;36
1709500;1;124;1;124
1709807;0;0;0;0
1710508;0;0;0;0
1710706;0;50;0;50
1710904;0;25;0;25
1711100;0;10;0;10
1711506;0;3;0;3
1711803;0;4;0;4
1711902;12;51;12;51
1711951;0;0;0;0
1712009;0;6;0;6
1712157;0;1;0;1
1712405;0;69;0;69
1712454;2;7;2;7
1712504;0;7;0;7
1712702;0;0;0;0
1712801;10;24;10;24
1713205;0;18;0;18
1713304;0;3;0;3
1713601;0;7;0;7
1713700;0;1;0;1
1713809;0;7;0;7
1713957;0;8;0;8
1714203;0;30;0;30
1714302;0;9;0;9
1714880;0;42;0;42
1715002;0;3;0;3
1715101;0;10;0;10
1715150;0;0;0;0
1715259;0;0;0;0
1715507;0;2;0;2
1715705;0;30;0;30
1715754;0;48;0;48
1716109;1;35;1;35
1716208;0;4;0;4
1716307;0;17;0;17
1716505;0;4;0;4
1716604;0;2;0;2
1716653;0;6;0;6
1716703;1;11;1;11
1717008;0;3;0;3
1717206;0;2;0;2
1717503;0;13;0;13
1717800;0;4;0;4
1717909;0;6;0;6
1718006;0;2;0;2
1718204;0;137;0;137
1718303;0;16;0;16
1718402;3;11;3;11
1718451;0;10;0;10
1718501;0;3;0;3
1718550;0;14;0;14
1718659;0;4;0;4
1718709;0;4;0;4
1718758;0;0;0;0
1718808;1;12;1;12
1718840;0;9;0;9
1718865;0;1;0;1
1718881;0;0;0;0
1718899;0;1;0;1
1718907;0;106;0;106
1719004;0;1;0;1
1720002;0;9;0;9
1720101;0;5;0;5
1720150;0;1;0;1
1720200;0;28;0;28
1720259;0;5;0;5
1720309;0;6;0;6
1720499;0;18;0;18
1720655;0;71;0;71
1720804;0;48;0;48
1720853;0;9;0;9
1720903;0;35;0;35
1720937;0;4;0;4
1720978;0;18;0;18
1721000;10;55;10;55
1721109;0;9;0;9
1721208;1;51;1;51
1721257;0;2;0;2
1721307;0;1;0;1
1722081;9;13;9;13
1722107;0;52;0;52
2100055;3;118;3;118
2100105;0;118;0;118
2100154;0;18;0;18
2100204;0;104;0;104
2100303;2;891;2;891
2100402;3;60;3;60
2100436;0;304;0;304
2100477;0;40;0;40
2100501;0;31;0;31
2100550;19;268;19;268
2100600;0;30;0;30
2100709;0;48;0;48
2100808;2;47;2;47
2100832;1;558;1;558
2100873;1;27;1;27
2100907;17;345;17;345
2100956;4;110;4;110
2101004;0;67;0;67
2101103;3;214;3;214
2101202;8;442;8;442
2101251;0;9;0;9
2101301;1;599;1;599
2101350;0;47;0;47
2101400;0;409;0;409
2101509;2;175;2;175
2101608;2;606;2;606
2101707;0;478;0;478
2101731;0;153;0;153
2101772;0;27;0;27
2101806;0;8;0;8
2101905;60;726;60;726
2101939;0;23;0;23
2101970;4;198;4;198
2102002;17;218;17;218
2102036;0;15;0;15
2102077;3;297;3;297
2102101;19;701;19;701
2102150;0;413;0;413
2102200;34;564;34;564
2102309;1;343;1;343
2102325;10;552;10;552
2102358;0;22;0;22
2102374;0;407;0;407
2102408;5;195;5;195
2102507;1;297;1;297
2102556;0;9;0;9
2102606;19;940;19;940
2102705;36;241;36;241
2102754;5;122;5;122
2102804;0;90;0;90
2102903;2;739;2;739
2103000;6;1433;6;1433
2103109;0;4;0;4
2103125;2;258;2;258
2103158;34;282;34;282
2103174;62;502;62;502
2103208;13;2552;13;2552
2103257;0;12;0;12
2103307;3;321;3;321
2103406;6;212;6;212
2103505;28;1126;28;1126
2103554;1;207;1;207
2103604;4;251;4;251
2103703;0;994;0;994
2103752;0;73;0;73
2103802;0;88;0;88
2103901;0;72;0;72
2104008;2;165;2;165
2104057;0;24;0;24
2104073;0;0;0;0
2104081;0;77;0;77
2104099;0;23;0;23
2104107;0;43;0;43
2104206;0;58;0;58
2104305;1;488;1;488
2104404;0;35;0;35
2104503;1;39;1;39
2104552;0;18;0;18
2104602;0;54;0;54
2104628;5;74;5;74
2104651;7;124;7;124
2104677;0;402;0;402
2104701;0;15;0;15
2104800;0;99;0;99
2104909;0;91;0;91
2105005;2;588;2;588
2105104;2;750;2;750
2105153;4;37;4;37
2105203;38;37;38;37
2105302;43;562;43;562
2105351;0;3;0;3
2105401;0;267;0;267
2105427;0;21;0;21
2105450;1;32;1;32
2105476;0;12;0;12
2105500;0;120;0;120
2105609;2;18;2;18
2105658;1;38;1;38
2105708;45;315;45;315
2105807;0;24;0;24
2105906;29;227;29;227
2105922;0;6;0;6
2105948;4;59;4;59
2105963;0;23;0;23
2105989;0;7;0;7
2106003;0;21;0;21
2106102;0;17;0;17
2106201;11;382;11;382
2106300;0;85;0;85
2106326;2;702;2;702
2106359;1;30;1;30
2106375;0;281;0;281
2106409;0;115;0;115
2106508;65;222;65;222
2106607;0;178;0;178
2106631;0;23;0;23
2106672;0;5;0;5
2106706;6;567;6;567
2106755;19;119;19;119
2106805;3;473;3;473
2106904;1;355;1;355
2107001;0;29;0;29
2107100;8;291;8;291
2107209;0;29;0;29
2107258;0;0;0;0
2107308;0;33;0;33
2107357;19;259;19;259
2107407;5;232;5;232
2107456;0;361;0;361
2107506;6;3131;6;3131
2107605;13;34;13;34
2107704;5;209;5;209
2107803;0;150;0;150
2107902;0;136;0;136
2108009;0;69;0;69
2108058;0;169;0;169
2108108;2;227;2;227
2108207;1;217;1;217
2108256;0;462;0;462
2108306;3;771;3;771
2108405;0;243;0;243
2108454;26;404;26;404
2108504;0;138;0;138
2108603;5;1241;5;1241
2108702;16;149;16;149
2108801;57;328;57;328
2108900;8;129;8;129
2109007;0;6;0;6
2109056;0;13;0;13
2109106;2;180;2;180
2109205;0;254;0;254
2109239;0;8;0;8
2109270;0;383;0;383
2109304;1;295;1;295
2109403;20;459;20;459
2109452;0;559;0;559
2109502;1;70;1;70
2109551;0;31;0;31
2109601;2;340;2;340
2109700;3;126;3;126
2109759;1;2;1;2
2109809;5;220;5;220
2109908;3;253;3;253
2110005;17;209;17;209
2110039;30;182;30;182
2110104;0;543;0;543
2110203;43;152;43;152
2110237;0;9;0;9
2110278;0;415;0;415
2110302;0;11;0;11
2110401;0;837;0;837
2110500;7;481;7;481
2110609;4;598;4;598
2110658;0;114;0;114
2110708;10;49;10;49
2110807;0;222;0;222
2110856;1;34;1;34
2110906;0;201;0;201
2111003;2;285;2;285
2111029;0;251;0;251
2111052;0;16;0;16
2111078;0;62;0;62
2111102;0;163;0;163
2111201;16;1583;16;1583
2111250;0;13;0;13
2111300;98;5465;98;5465
2111409;0;112;0;112
2111508;9;747;9;747
2111532;0;103;0;103
2111573;0;2;0;2
2111607;0;75;0;75
2111631;0;13;0;13
2111672;3;3;3;3
2111706;10;419;10;419
2111722;4;9;4;9
2111748;3;607;3;607
2111763;2;71;2;71
2111789;1;58;1;58
2111805;0;2;0;2
2111904;0;219;0;219
2111953;0;18;0;18
2112001;0;3;0;3
2112100;0;602;0;602
2112209;13;914;13;914
2112233;5;36;5;36
2112274;0;7;0;7
2112308;5;145;5;145
2112407;0;806;0;806
2112456;20;566;20;566
2112506;2;1514;2;1514
2112605;3;1254;3;1254
2112704;14;1380;14;1380
2112803;2;735;2;735
2112852;0;112;0;112
2112902;0;129;0;129
2113009;27;421;27;421
2114007;22;345;22;345
2200053;0;1;0;1
2200103;1;17;1;17
2200202;1;67;1;67
2200251;0;7;0;7
2200277;0;9;0;9
2200301;1;47;1;47
2200400;2;1004;2;1004
2200459;0;23;0;23
2200509;1;75;1;75
2200608;0;6;0;6
2200707;0;38;0;38
2200806;0;4;0;4
2200905;0;37;0;37
2200954;0;4;0;4
2201002;0;15;0;15
2201051;0;36;0;36
2201101;0;28;0;28
2201150;0;17;0;17
2201176;0;2;0;2
2201200;0;375;0;375
2201309;0;1;0;1
2201408;0;8;0;8
2201507;0;35;0;35
2201556;0;0;0;0
2201572;0;8;0;8
2201606;0;30;0;30
2201705;0;103;0;103
2201739;0;33;0;33
2201770;0;2;0;2
2201804;0;1;0;1
2201903;2;31;2;31
2201919;0;2;0;2
2201929;0;61;0;61
2201945;0;8;0;8
2201960;0;3;0;3
2201988;0;2;0;2
2202000;0;143;0;143
2202026;0;6;0;6
2202059;0;1;0;1
2202075;0;2;0;2
2202083;0;262;0;262
2202091;0;28;0;28
2202109;0;1;0;1
2202117;0;11;0;11
2202133;0;2;0;2
2202174;0;15;0;15
2202208;0;17;0;17
2202251;0;20;0;20
2202307;0;38;0;38
2202406;0;163;0;163
2202455;0;0;0;0
2202505;1;59;1;59
2202539;0;2;0;2
2202554;0;13;0;13
2202604;0;33;0;33
2202653;0;3;0;3
2202703;0;401;0;401
2202711;0;18;0;18
2202729;0;275;0;275
2202737;0;7;0;7
2202752;0;46;0;46
2202778;0;10;0;10
2202802;0;4;0;4
2202851;1;13;1;13
2202901;0;43;0;43
2203008;0;71;0;71
2203107;0;59;0;59
2203206;0;57;0;57
2203230;0;9;0;9
2203255;0;1;0;1
2203271;0;3;0;3
2203305;0;72;0;72
2203354;0;45;0;45
2203404;0;6;0;6
2203420;0;1;0;1
2203453;0;32;0;32
2203503;0;22;0;22
2203602;0;2;0;2
2203701;0;281;0;281
2203750;0;15;0;15
2203800;0;1;0;1
2203859;0;0;0;0
2203909;4;121;4;121
2204006;0;15;0;15
2204105;1;4;1;4
2204154;0;0;0;0
2204204;0;100;0;100
2204303;0;31;0;31
2204352;0;0;0;0
2204402;0;403;0;403
2204501;0;60;0;60
2204550;0;1;0;1
2204600;0;5;0;5
2204659;0;111;0;111
2204709;0;15;0;15
2204808;0;22;0;22
2204907;0;8;0;8
2205003;0;28;0;28
2205102;0;16;0;16
2205151;0;4;0;4
2205201;0;61;0;61
2205250;0;6;0;6
2205276;0;2;0;2
2205300;0;23;0;23
2205359;0;16;0;16
2205409;0;10;0;10
2205458;0;5;0;5
2205508;10;433;10;433
2205516;1;8;1;8
2205524;0;4;0;4
2205532;0;13;0;13
2205540;0;2;0;2
2205557;0;69;0;69
2205565;0;39;0;39
2205573;0;116;0;116
2205581;0;6;0;6
2205599;0;0;0;0
2205607;0;16;0;16
2205706;0;266;0;266
2205805;3;151;3;151
2205854;0;7;0;7
2205904;0;8;0;8
2205953;0;132;0;132
2206001;0;1;0;1
2206050;0;25;0;25
2206100;0;118;0;118
2206209;2;356;2;356
2206308;0;8;0;8
2206357;0;10;0;10
2206407;6;44;6;44
2206506;0;9;0;9
2206605;0;15;0;15
2206654;0;15;0;15
2206670;0;9;0;9
2206696;0;10;0;10
2206704;19;255;19;255
2206720;1;27;1;27
2206753;0;20;0;20
2206803;11;110;11;110
2206902;0;3;0;3
2206951;0;0;0;0
2207009;0;271;0;271
2207108;0;0;0;0
2207207;1;3;1;3
2207306;0;0;0;0
2207355;0;0;0;0
2207405;0;47;0;47
2207504;0;59;0;59
2207553;0;2;0;2
2207603;34;190;34;190
2207702;15;1375;15;1375
2207751;0;14;0;14
2207777;0;2;0;2
2207793;0;9;0;9
2207801;0;42;0;42
2207850;0;1;0;1
2207900;0;118;0;118
2207934;0;0;0;0
2207959;0;2;0;2
2208007;1;166;1;166
2208106;0;2;0;2
2208205;0;0;0;0
2208304;0;219;0;219
2208403;0;102;0;102
2208502;0;236;0;236
2208551;0;4;0;4
2208601;0;20;0;20
2208650;0;10;0;10
2208700;0;28;0;28
2208809;0;478;0;478
2208858;1;2;1;2
2208874;0;0;0;0
2208908;0;42;0;42
2209005;0;9;0;9
2209104;0;4;0;4
2209153;0;0;0;0
2209203;0;119;0;119
2209302;0;31;0;31
2209351;0;2;0;2
2209377;0;5;0;5
2209401;3;27;3;27
2209450;0;38;0;38
2209500;0;2;0;2
2209559;0;39;0;39
2209609;0;0;0;0
2209658;0;7;0;7
2209708;0;15;0;15
2209757;0;3;0;3
2209807;0;3;0;3
2209856;0;0;0;0
2209872;0;9;0;9
2209906;0;25;0;25
2209955;0;7;0;7
2209971;0;9;0;9
2210003;0;39;0;39
2210052;0;10;0;10
2210102;0;4;0;4
2210201;0;1;0;1
2210300;0;0;0;0
2210359;0;13;0;13
2210375;0;1;0;1
2210383;0;0;0;0
2210391;0;0;0;0
2210409;0;19;0;19
2210508;0;108;0;108
2210607;0;101;0;101
2210623;0;1;0;1
2210631;0;40;0;40
2210656;0;8;0;8
2210706;0;7;0;7
2210805;0;19;0;19
2210904;0;3;0;3
2210938;0;7;0;7
2210953;0;9;0;9
2210979;0;2;0;2
2211001;10;1051;10;1051
2211100;16;339;16;339
2211209;0;50;0;50
2211308;0;12;0;12
2211357;0;7;0;7
2211407;0;8;0;8
2211506;0;2;0;2
2211605;0;5;0;5
2211704;0;0;0;0
2300101;0;57;0;57
2300150;1;22;1;22
2300200;3;536;3;536
2300309;1;182;1;182
2300408;0;1;0;1
2300507;0;11;0;11
2300606;0;7;0;7
2300705;0;169;0;169
2300754;0;537;0;537
2300804;0;23;0;23
2300903;0;10;0;10
2301000;7;677;7;677
2301109;1;265;1;265
2301208;0;244;0;244
2301257;2;18;2;18
2301307;0;117;0;117
2301406;0;6;0;6
2301505;0;8;0;8
2301604;1;17;1;17
2301703;0;46;0;46
2301802;0;5;0;5
2301851;0;37;0;37
2301901;0;138;0;138
2301950;0;49;0;49
2302008;0;104;0;104
2302057;2;218;2;218
2302107;2;26;2;26
2302206;0;344;0;344
2302305;1;161;1;161
2302404;0;43;0;43
2302503;0;124;0;124
2302602;0;102;0;102
2302701;0;111;0;111
2302800;0;107;0;107
2302909;1;39;1;39
2303006;0;41;0;41
2303105;0;27;0;27
2303204;0;17;0;17
2303303;1;14;1;14
2303402;0;3;0;3
2303501;1;423;1;423
2303600;0;44;0;44
2303659;0;37;0;37
2303709;43;1938;43;1938
2303808;0;65;0;65
2303809;0;13;0;13
2303907;1;120;1;120
2303931;2;84;2;84
2303956;27;292;27;292
2304004;0;207;0;207
2304103;0;849;0;849
2304202;4;469;4;469
2304236;0;13;0;13
2304237;0;0;0;0
2304251;0;157;0;157
2304269;0;9;0;9
2304277;0;2;0;2
2304285;8;324;8;324
2304301;0;8;0;8
2304350;0;17;0;17
2304400;5;240;5;240
2304401;39;739;39;739
2304459;2;132;2;132
2304509;0;49;0;49
2304608;0;1;0;1
2304657;0;26;0;26
2304707;0;570;0;570
2304806;0;4;0;4
2304905;0;23;0;23
2304954;1;73;1;73
2305001;9;172;9;172
2305100;0;2;0;2
2305209;2;28;2;28
2305233;11;304;11;304
2305266;2;67;2;67
2305308;0;42;0;42
2305332;1;3;1;3
2305357;0;8;0;8
2305407;0;122;0;122
2305506;7;241;7;241
2305605;0;15;0;15
2305654;0;4;0;4
2305704;0;18;0;18
2305803;4;215;4;215
2305902;1;66;1;66
2306009;0;34;0;34
2306108;1;44;1;44
2306207;0;4;0;4
2306256;3;141;3;141
2306306;16;202;16;202
2306405;28;793;28;793
2306406;0;0;0;0
2306504;6;29;6;29
2306553;4;354;4;354
2306603;0;227;0;227
2306702;0;17;0;17
2306801;11;29;11;29
2306900;0;46;0;46
2307007;0;91;0;91
2307106;0;52;0;52
2307205;0;106;0;106
2307254;0;74;0;74
2307304;5;667;5;667
2307403;2;81;2;81
2307502;0;33;0;33
2307601;0;24;0;24
2307635;0;27;0;27
2307650;23;196;23;196
2307700;3;352;3;352
2307809;3;103;3;103
2307908;0;45;0;45
2308005;0;132;0;132
2308104;16;168;16;168
2308203;10;215;10;215
2308302;5;177;5;177
2308351;0;44;0;44
2308377;1;22;1;22
2308401;1;86;1;86
2308500;4;308;4;308
2308609;0;24;0;24
2308708;7;153;7;153
2308807;2;12;2;12
2308906;0;20;0;20
2309003;0;19;0;19
2309102;3;19;3;19
2309201;0;43;0;43
2309300;5;44;5;44
2309409;15;78;15;78
2309458;7;164;7;164
2309508;0;15;0;15
2309607;0;684;0;684
2309706;0;47;0;47
2309707;0;1;0;1
2309805;0;15;0;15
2309904;0;8;0;8
2310001;0;33;0;33
2310100;6;65;6;65
2310209;1;316;1;316
2310258;2;59;2;59
2310308;7;155;7;155
2310407;0;26;0;26
2310506;0;23;0;23
2310605;0;111;0;111
2310704;0;15;0;15
2310803;0;19;0;19
2310852;12;288;12;288
2310902;0;12;0;12
2310951;0;82;0;82
2311009;0;180;0;180
2311108;0;9;0;9
2311207;0;95;0;95
2311231;0;5;0;5
2311264;0;33;0;33
2311306;5;182;5;182
2311307;1;167;1;167
2311355;0;1;0;1
2311405;10;177;10;177
2311406;0;7;0;7
2311504;0;32;0;32
2311603;0;231;0;231
2311702;3;60;3;60
2311801;1;181;1;181
2311900;0;10;0;10
2311901;0;0;0;0
2311959;8;256;8;256
2312007;1;77;1;77
2312106;0;35;0;35
2312205;6;116;6;116
2312304;4;187;4;187
2312403;0;209;0;209
2312502;0;3;0;3
2312601;3;35;3;35
2312700;0;38;0;38
2312809;0;39;0;39
2312908;15;288;15;288
2312909;0;37;0;37
2313005;0;4;0;4
2313104;0;208;0;208
2313203;11;114;11;114
2313252;0;11;0;11
2313302;1;118;1;118
2313351;16;35;16;35
2313401;0;108;0;108
2313500;4;872;4;872
2313559;0;58;0;58
2313609;3;46;3;46
2313708;0;56;0;56
2313757;0;29;0;29
2313807;10;66;10;66
2313906;3;70;3;70
2313955;3;43;3;43
2314003;2;149;2;149
2314102;1;221;1;221
2400109;0;0;0;0
2400208;0;33;0;33
2400307;0;7;0;7
2400406;0;1;0;1
2400505;0;21;0;21
2400604;0;18;0;18
2400703;0;5;0;5
2400802;0;33;0;33
2400901;0;39;0;39
2401008;0;9;0;9
2401107;0;11;0;11
2401206;4;59;4;59
2401305;1;33;1;33
2401404;0;1;0;1
2401453;0;47;0;47
2401503;0;0;0;0
2401602;0;15;0;15
2401651;0;1;0;1
2401701;0;3;0;3
2401800;2;21;2;21
2401859;0;8;0;8
2401909;0;0;0;0
2402006;2;43;2;43
2402105;0;1;0;1
2402204;5;131;5;131
2402303;0;31;0;31
2402402;0;6;0;6
2402501;0;14;0;14
2402600;0;72;0;72
2402709;0;12;0;12
2402808;0;3;0;3
2402907;0;10;0;10
2403004;0;20;0;20
2403103;0;52;0;52
2403202;0;2;0;2
2403251;6;114;6;114
2403301;0;1;0;1
2403400;0;6;0;6
2403509;0;24;0;24
2403608;0;90;0;90
2403707;0;11;0;11
2403756;0;7;0;7
2403806;0;7;0;7
2403905;0;0;0;0
2404002;0;7;0;7
2404101;0;5;0;5
2404200;0;5;0;5
2404309;1;40;1;40
2404408;0;6;0;6
2404507;0;2;0;2
2404606;0;1;0;1
2404705;1;3;1;3
2404804;0;0;0;0
2404853;0;14;0;14
2404903;0;8;0;8
2405009;5;33;5;33
2405108;0;0;0;0
2405207;0;1;0;1
2405306;0;1;0;1
2405405;0;33;0;33
2405504;0;1;0;1
2405603;0;23;0;23
2405702;0;4;0;4
2405801;0;25;0;25
2405900;0;3;0;3
2406007;0;17;0;17
2406106;0;11;0;11
2406155;0;0;0;0
2406205;0;2;0;2
2406304;0;1;0;1
2406403;0;0;0;0
2406502;0;2;0;2
2406601;0;13;0;13
2406700;0;41;0;41
2406809;0;3;0;3
2406908;0;2;0;2
2407005;0;14;0;14
2407104;15;261;15;261
2407203;0;9;0;9
2407252;0;0;0;0
2407302;0;2;0;2
2407401;6;112;6;112
2407500;0;5;0;5
2407609;0;1;0;1
2407708;0;4;0;4
2407807;0;9;0;9
2407906;0;1;0;1
2408003;1;246;1;246
2408102;53;356;53;356
2408201;7;36;7;36
2408300;0;60;0;60
2408409;1;11;1;11
2408508;0;0;0;0
2408607;0;0;0;0
2408706;0;4;0;4
2408805;0;4;0;4
2408904;0;11;0;11
2408953;0;1;0;1
2409100;0;0;0;0
2409209;0;0;0;0
2409308;0;26;0;26
2409332;0;8;0;8
2409407;0;1;0;1
2409506;0;0;0;0
2409605;0;0;0;0
2409704;0;8;0;8
2409803;0;2;0;2
2409902;0;10;0;10
2410009;0;0;0;0
2410108;0;3;0;3
2410207;0;2;0;2
2410256;1;3;1;3
2410306;0;1;0;1
2410405;0;36;0;36
2410504;0;4;0;4
2410603;0;10;0;10
2410702;0;0;0;0
2410801;0;0;0;0
2410900;0;3;0;3
2411007;0;0;0;0
2411056;0;17;0;17
2411106;0;0;0;0
2411205;0;24;0;24
2411403;0;37;0;37
2411429;0;0;0;0
2411502;1;8;1;8
2411601;0;0;0;0
2411700;0;0;0;0
2411809;0;0;0;0
2411908;0;2;0;2
2412005;0;98;0;98
2412104;0;3;0;3
2412203;0;67;0;67
2412302;0;20;0;20
2412401;0;0;0;0
2412500;0;59;0;59
2412559;0;7;0;7
2412609;0;9;0;9
2412708;1;2;1;2
2412807;0;9;0;9
2412906;0;6;0;6
2413003;0;0;0;0
2413102;0;0;0;0
2413201;0;4;0;4
2413300;1;2;1;2
2413359;0;6;0;6
2413409;0;0;0;0
2413508;0;5;0;5
2413557;0;4;0;4
2413607;0;6;0;6
2413706;0;0;0;0
2413805;0;17;0;17
2413904;0;3;0;3
2414001;0;3;0;3
2414100;0;41;0;41
2414159;0;0;0;0
2414209;0;5;0;5
2414308;0;0;0;0
2414407;1;3;1;3
2414456;0;8;0;8
2414506;0;30;0;30
2414605;0;4;0;4
2414704;0;0;0;0
2414753;0;0;0;0
2414803;0;8;0;8
2414902;0;0;0;0
2415008;0;1;0;1
2500106;0;1;0;1
2500205;0;5;0;5
2500304;13;39;13;39
2500403;0;10;0;10
2500502;1;10;1;10
2500536;0;23;0;23
2500577;0;7;0;7
2500601;0;63;0;63
2500700;2;13;2;13
2500734;0;1;0;1
2500775;0;12;0;12
2500809;0;4;0;4
2500908;1;14;1;14
2501005;0;12;0;12
2501104;10;47;10;47
2501153;0;1;0;1
2501203;0;17;0;17
2501302;0;210;0;210
2501351;0;16;0;16
2501401;0;3;0;3
2501500;0;30;0;30
2501534;0;8;0;8
2501575;0;3;0;3
2501609;0;7;0;7
2501708;0;0;0;0
2501807;5;150;5;150
2501906;0;4;0;4
2502003;0;4;0;4
2502052;0;2;0;2
2502102;0;14;0;14
2502151;1;9;1;9
2502201;0;3;0;3
2502300;0;25;0;25
2502409;0;2;0;2
2502508;0;55;0;55
2502607;0;7;0;7
2502706;0;4;0;4
2502805;0;14;0;14
2502904;0;6;0;6
2503001;0;97;0;97
2503100;0;8;0;8
2503209;0;98;0;98
2503308;0;2;0;2
2503407;0;0;0;0
2503506;0;14;0;14
2503555;0;0;0;0
2503605;0;1;0;1
2503704;4;66;4;66
2503753;0;0;0;0
2503803;0;14;0;14
2503902;0;11;0;11
2504009;5;194;5;194
2504033;1;170;1;170
2504074;0;0;0;0
2504108;0;0;0;0
2504157;0;18;0;18
2504207;0;7;0;7
2504306;0;92;0;92
2504355;0;0;0;0
2504405;0;91;0;91
2504504;0;6;0;6
2504603;0;382;0;382
2504702;0;6;0;6
2504801;0;14;0;14
2504850;0;0;0;0
2504900;1;13;1;13
2505006;0;16;0;16
2505105;0;12;0;12
2505204;1;11;1;11
2505238;0;47;0;47
2505279;0;0;0;0
2505303;0;0;0;0
2505352;1;6;1;6
2505402;0;46;0;46
2505501;0;2;0;2
2505600;0;6;0;6
2505709;0;10;0;10
2505808;0;1;0;1
2505907;0;0;0;0
2506004;3;8;3;8
2506103;2;27;2;27
2506202;0;0;0;0
2506251;0;8;0;8
2506301;1;25;1;25
2506400;0;1;0;1
2506509;0;0;0;0
2506608;0;2;0;2
2506707;0;9;0;9
2506806;0;21;0;21
2506905;10;136;10;136
2507002;0;76;0;76
2507101;0;0;0;0
2507200;1;11;1;11
2507309;0;9;0;9
2507408;0;15;0;15
2507507;5;155;5;155
2507606;4;6;4;6
2507705;0;34;0;34
2507804;0;1;0;1
2507903;0;32;0;32
2508000;0;4;0;4
2508109;0;4;0;4
2508208;0;5;0;5
2508307;5;59;5;59
2508406;0;5;0;5
2508505;0;7;0;7
2508554;0;0;0;0
2508604;8;55;8;55
2508703;0;0;0;0
2508802;0;8;0;8
2508901;7;338;7;338
2509008;0;32;0;32
2509057;0;17;0;17
2509107;0;23;0;23
2509156;0;21;0;21
2509206;0;20;0;20
2509305;4;1;4;1
2509339;1;0;1;0
2509370;0;0;0;0
2509396;0;3;0;3
2509404;2;46;2;46
2509503;0;3;0;3
2509602;0;0;0;0
2509701;1;4;1;4
2509800;1;11;1;11
2509909;2;21;2;21
2510006;0;7;0;7
2510105;1;23;1;23
2510204;0;2;0;2
2510303;0;0;0;0
2510402;0;7;0;7
2510501;0;0;0;0
2510600;0;9;0;9
2510659;0;1;0;1
2510709;0;6;0;6
2510808;0;98;0;98
2510907;0;18;0;18
2511004;0;0;0;0
2511103;0;0;0;0
2511202;0;5;0;5
2511301;0;16;0;16
2511400;0;13;0;13
2511509;1;44;1;44
2511608;1;17;1;17
2511707;0;0;0;0
2511806;1;6;1;6
2511905;2;252;2;252
2512002;0;22;0;22
2512036;0;2;0;2
2512077;0;0;0;0
2512101;0;48;0;48
2512200;0;17;0;17
2512309;0;3;0;3
2512408;0;17;0;17
2512507;0;36;0;36
2512606;0;0;0;0
2512705;0;55;0;55
2512721;0;9;0;9
2512747;4;8;4;8
2512754;0;18;0;18
2512762;2;46;2;46
2512788;0;0;0;0
2512804;0;16;0;16
2512903;20;219;20;219
2513000;0;77;0;77
2513109;0;14;0;14
2513158;0;56;0;56
2513208;0;1;0;1
2513307;0;1;0;1
2513356;0;2;0;2
2513406;0;15;0;15
2513505;0;3;0;3
2513604;0;4;0;4
2513653;0;0;0;0
2513703;1;507;1;507
2513802;0;1;0;1
2513851;0;0;0;0
2513901;2;26;2;26
2513927;0;0;0;0
2513943;0;0;0;0
2513968;0;0;0;0
2513984;0;0;0;0
2514008;0;2;0;2
2514107;0;26;0;26
2514206;1;26;1;26
2514305;0;7;0;7
2514404;0;1;0;1
2514453;1;11;1;11
2514503;0;14;0;14
2514552;1;21;1;21
2514602;0;0;0;0
2514651;0;0;0;0
2514701;0;0;0;0
2514800;0;1;0;1
2514909;0;2;0;2
2515005;0;36;0;36
2515104;2;22;2;22
2515203;0;1;0;1
2515302;0;215;0;215
2515401;0;26;0;26
2515500;0;18;0;18
2515609;3;3;3;3
2515708;0;12;0;12
2515807;0;55;0;55
2515906;0;8;0;8
2515930;0;1;0;1
2515971;0;0;0;0
2516003;4;86;4;86
2516102;0;28;0;28
2516151;0;18;0;18
2516201;1;43;1;43
2516300;0;6;0;6
2516409;0;5;0;5
2516508;0;27;0;27
2516607;0;16;0;16
2516706;0;43;0;43
2516755;0;15;0;15
2516805;0;13;0;13
2516904;0;10;0;10
2517001;0;132;0;132
2517100;0;0;0;0
2517209;0;0;0;0
2517407;0;0;0;0
2600054;1;71;1;71
2600104;0;20;0;20
2600203;0;9;0;9
2600302;0;36;0;36
2600401;0;139;0;139
2600500;5;234;5;234
2600609;6;32;6;32
2600708;0;82;0;82
2600807;0;71;0;71
2600906;1;25;1;25
2601003;0;45;0;45
2601052;41;650;41;650
2601102;0;182;0;182
2601201;0;146;0;146
2601300;0;1;0;1
2601409;0;437;0;437
2601508;15;33;15;33
2601607;0;38;0;38
2601706;8;49;8;49
2601805;0;5;0;5
2601904;1;50;1;50
2602001;1;97;1;97
2602100;2;45;2;45
2602209;32;85;32;85
2602308;2;7;2;7
2602407;2;5;2;5
2602506;0;8;0;8
2602605;0;270;0;270
2602704;0;48;0;48
2602803;12;90;12;90
2602902;4;318;4;318
2603009;0;32;0;32
2603108;0;47;0;47
2603207;0;29;0;29
2603306;0;5;0;5
2603405;0;4;0;4
2603454;11;412;11;412
2603504;0;20;0;20
2603603;1;38;1;38
2603702;0;35;0;35
2603801;0;9;0;9
2603900;0;10;0;10
2603926;0;2;0;2
2604007;3;718;3;718
2604106;2;185;2;185
2604155;0;15;0;15
2604205;3;94;3;94
2604304;0;6;0;6
2604403;14;40;14;40
2604502;0;37;0;37
2604601;2;136;2;136
2604700;1;2;1;2
2604809;3;12;3;12
2604908;40;146;40;146
2605004;0;16;0;16
2605103;1;268;1;268
2605152;2;43;2;43
2605202;3;140;3;140
2605301;0;238;0;238
2605400;9;68;9;68
2605459;0;0;0;0
2605509;1;4;1;4
2605608;1;23;1;23
2605707;0;148;0;148
2605806;0;24;0;24
2605905;4;283;4;283
2606002;1;73;1;73
2606101;3;44;3;44
2606200;4;617;4;617
2606309;0;10;0;10
2606408;1;24;1;24
2606507;0;13;0;13
2606606;0;133;0;133
2606705;0;7;0;7
2606804;6;718;6;718
2606903;0;23;0;23
2607000;0;121;0;121
2607109;0;0;0;0
2607208;2;144;2;144
2607307;0;164;0;164
2607406;0;3;0;3
2607505;1;28;1;28
2607604;1;281;1;281
2607653;12;148;12;148
2607703;0;49;0;49
2607752;4;63;4;63
2607802;15;79;15;79
2607901;53;1534;53;1534
2607950;17;119;17;119
2608008;0;206;0;206
2608057;0;10;0;10
2608107;0;181;0;181
2608206;14;66;14;66
2608255;1;10;1;10
2608305;0;14;0;14
2608404;0;2;0;2
2608453;6;134;6;134
2608503;1;128;1;128
2608602;0;1;0;1
2608701;0;13;0;13
2608750;0;6;0;6
2608800;0;17;0;17
2608909;11;61;11;61
2609006;1;7;1;7
2609105;4;19;4;19
2609154;0;45;0;45
2609204;0;74;0;74
2609303;0;14;0;14
2609402;2;268;2;268
2609501;5;10;5;10
2609600;23;128;23;128
2609709;4;21;4;21
2609808;0;8;0;8
2609907;1;123;1;123
2610004;2;48;2;48
2610103;0;8;0;8
2610202;2;18;2;18
2610301;0;0;0;0
2610400;0;33;0;33
2610509;2;22;2;22
2610608;15;513;15;513
2610707;22;481;22;481
2610806;0;48;0;48
2610905;1;149;1;149
2611002;0;88;0;88
2611101;4;327;4;327
2611200;1;71;1;71
2611309;0;76;0;76
2611408;0;18;0;18
2611507;2;21;2;21
2611533;0;0;0;0
2611606;134;755;134;755
2611705;5;14;5;14
2611804;32;90;32;90
2611903;5;55;5;55
2612000;3;13;3;13
2612109;0;8;0;8
2612208;0;75;0;75
2612307;0;12;0;12
2612406;0;7;0;7
2612455;0;16;0;16
2612471;1;9;1;9
2612505;1;254;1;254
2612554;0;1;0;1
2612604;0;11;0;11
2612703;0;13;0;13
2612802;0;11;0;11
2612901;1;6;1;6
2613008;0;40;0;40
2613107;0;212;0;212
2613206;0;42;0;42
2613305;0;4;0;4
2613404;0;55;0;55
2613503;0;53;0;53
2613602;0;54;0;54
2613701;57;1655;57;1655
2613800;1;95;1;95
2613909;2;224;2;224
2614006;0;65;0;65
2614105;0;73;0;73
2614204;0;94;0;94
2614303;0;61;0;61
2614402;0;25;0;25
2614501;0;101;0;101
2614600;0;62;0;62
2614709;1;5;1;5
2614808;0;61;0;61
2614857;1;162;1;162
2615003;2;90;2;90
2615102;0;2;0;2
2615201;1;24;1;24
2615300;0;16;0;16
2615409;3;164;3;164
2615508;1;104;1;104
2615607;0;102;0;102
2615706;2;18;2;18
2615805;0;101;0;101
2615904;0;16;0;16
2616001;0;70;0;70
2616100;0;6;0;6
2616183;4;21;4;21
2616209;8;189;8;189
2616308;0;19;0;19
2616407;10;213;10;213
2616506;0;55;0;55
2700102;0;3;0;3
2700201;0;6;0;6
2700300;7;419;7;419
2700409;1;62;1;62
2700508;2;20;2;20
2700607;0;0;0;0
2700706;0;40;0;40
2700805;8;22;8;22
2700904;0;0;0;0
2701001;0;9;0;9
2701100;1;15;1;15
2701209;25;124;25;124
2701308;4;33;4;33
2701357;1;23;1;23
2701407;0;83;0;83
2701506;0;0;0;0
2701605;0;44;0;44
2701704;3;31;3;31
2701803;0;14;0;14
2701902;0;22;0;22
2702009;0;68;0;68
2702108;0;22;0;22
2702207;0;22;0;22
2702306;3;179;3;179
2702355;0;6;0;6
2702405;0;69;0;69
2702504;0;42;0;42
2702553;0;27;0;27
2702603;34;239;34;239
2702702;5;41;5;41
2702801;4;10;4;10
2702900;0;41;0;41
2703007;0;1;0;1
2703106;0;21;0;21
2703205;0;0;0;0
2703304;0;10;0;10
2703403;0;7;0;7
2703502;1;7;1;7
2703601;0;156;0;156
2703700;0;4;0;4
2703759;5;5;5;5
2703809;0;48;0;48
2703908;0;19;0;19
2704005;1;8;1;8
2704104;0;28;0;28
2704203;0;1;0;1
2704302;69;970;69;970
2704401;1;21;1;21
2704500;2;206;2;206
2704609;0;23;0;23
2704708;0;96;0;96
2704807;0;1;0;1
2704906;0;20;0;20
2705002;0;14;0;14
2705101;28;278;28;278
2705200;0;15;0;15
2705309;0;21;0;21
2705408;0;1;0;1
2705507;3;391;3;391
2705606;10;175;10;175
2705705;0;7;0;7
2705804;0;16;0;16
2705903;0;27;0;27
2706000;0;2;0;2
2706109;2;135;2;135
2706208;0;1;0;1
2706307;7;359;7;359
2706406;0;1;0;1
2706422;0;15;0;15
2706448;0;33;0;33
2706505;8;40;8;40
2706604;0;0;0;0
2706703;5;25;5;25
2706802;0;4;0;4
2706901;3;8;3;8
2707008;0;5;0;5
2707107;0;35;0;35
2707206;5;1;5;1
2707305;2;56;2;56
2707404;21;260;21;260
2707503;0;0;0;0
2707602;2;8;2;8
2707701;0;356;0;356
2707800;13;63;13;63
2707909;0;57;0;57
2708006;0;70;0;70
2708105;1;18;1;18
2708204;1;21;1;21
2708303;2;52;2;52
2708402;0;37;0;37
2708501;4;188;4;188
2708600;1;40;1;40
2708709;6;33;6;33
2708808;1;127;1;127
2708907;6;28;6;28
2708956;0;2;0;2
2709004;0;2;0;2
2709103;0;65;0;65
2709152;1;80;1;80
2709202;0;388;0;388
2709301;0;14;0;14
2709400;2;58;2;58
2800100;0;3;0;3
2800209;4;10;4;10
2800308;6;355;6;355
2800407;0;1;0;1
2800506;1;22;1;22
2800605;0;4;0;4
2800670;2;96;2;96
2800704;2;87;2;87
2801009;1;9;1;9
2801108;0;3;0;3
2801207;0;24;0;24
2801306;0;62;0;62
2801405;1;13;1;13
2801504;0;1;0;1
2801603;0;1;0;1
2801702;0;91;0;91
2801900;0;0;0;0
2802007;0;0;0;0
2802106;0;392;0;392
2802205;0;4;0;4
2802304;0;7;0;7
2802403;0;7;0;7
2802502;3;3;3;3
2802601;0;3;0;3
2802700;4;20;4;20
2802809;4;13;4;13
2802908;1;12;1;12
2803005;0;12;0;12
2803104;0;0;0;0
2803203;2;8;2;8
2803302;2;1;2;1
2803401;0;12;0;12
2803500;5;98;5;98
2803609;0;36;0;36
2803708;0;2;0;2
2803807;0;0;0;0
2803906;0;2;0;2
2804003;6;7;6;7
2804102;0;0;0;0
2804201;0;4;0;4
2804300;0;21;0;21
2804409;0;5;0;5
2804458;0;0;0;0
2804508;0;7;0;7
2804607;0;107;0;107
2804706;0;5;0;5
2804805;7;259;7;259
2804904;0;20;0;20
2805000;0;2;0;2
2805109;0;43;0;43
2805208;3;13;3;13
2805307;0;3;0;3
2805406;0;10;0;10
2805505;1;9;1;9
2805604;0;5;0;5
2805703;0;64;0;64
2805802;0;6;0;6
2805901;2;13;2;13
2806008;0;8;0;8
2806107;0;13;0;13
2806206;3;12;3;12
2806305;4;24;4;24
2806404;0;15;0;15
2806503;0;0;0;0
2806602;4;14;4;14
2806701;3;221;3;221
2806800;0;6;0;6
2806909;0;0;0;0
2807006;1;0;1;0
2807105;5;50;5;50
2807204;0;2;0;2
2807303;1;0;1;0
2807402;1;61;1;61
2807501;0;24;0;24
2807600;0;118;0;118
2900108;0;3;0;3
2900207;0;3;0;3
2900306;7;334;7;334
2900355;0;15;0;15
2900405;0;45;0;45
2900504;0;0;0;0
2900603;0;1;0;1
2900702;3;191;3;191
2900801;5;74;5;74
2900900;0;1;0;1
2901007;1;19;1;19
2901106;5;91;5;91
2901155;0;26;0;26
2901205;0;19;0;19
2901304;2;54;2;54
2901353;0;39;0;39
2901403;0;65;0;65
2901502;0;12;0;12
2901601;0;6;0;6
2901700;0;13;0;13
2901809;0;8;0;8
2901908;0;119;0;119
2901957;0;18;0;18
2902005;0;12;0;12
2902054;3;7;3;7
2902104;0;30;0;30
2902203;0;23;0;23
2902252;3;13;3;13
2902302;3;36;3;36
2902401;0;66;0;66
2902500;0;2;0;2
2902609;0;43;0;43
2902658;0;14;0;14
2902708;0;7;0;7
2902807;0;32;0;32
2902906;0;8;0;8
2903003;0;6;0;6
2903102;0;16;0;16
2903201;0;176;0;176
2903235;0;14;0;14
2903276;0;18;0;18
2903300;0;88;0;88
2903409;3;31;3;31
2903508;0;134;0;134
2903607;0;4;0;4
2903706;0;6;0;6
2903805;0;8;0;8
2903904;1;40;1;40
2903953;0;68;0;68
2904001;0;3;0;3
2904050;1;2;1;2
2904100;0;59;0;59
2904209;0;3;0;3
2904308;0;16;0;16
2904407;0;3;0;3
2904506;0;103;0;103
2904605;0;36;0;36
2904704;4;71;4;71
2904753;0;5;0;5
2904803;1;0;1;0
2904852;0;19;0;19
2904902;3;83;3;83
2905008;0;9;0;9
2905107;1;25;1;25
2905156;0;73;0;73
2905206;0;29;0;29
2905305;0;35;0;35
2905404;0;12;0;12
2905503;0;6;0;6
2905602;2;45;2;45
2905701;16;48;16;48
2905800;10;66;10;66
2905909;0;402;0;402
2906006;0;71;0;71
2906105;0;6;0;6
2906204;0;8;0;8
2906303;14;116;14;116
2906402;0;8;0;8
2906501;10;155;10;155
2906600;0;1;0;1
2906709;0;177;0;177
2906808;2;41;2;41
2906824;0;41;0;41
2906857;0;7;0;7
2906873;0;49;0;49
2906899;0;10;0;10
2906907;1;39;1;39
2907004;2;13;2;13
2907103;1;15;1;15
2907202;0;57;0;57
2907301;0;79;0;79
2907400;0;2;0;2
2907509;1;73;1;73
2907558;0;3;0;3
2907608;0;11;0;11
2907707;0;4;0;4
2907806;0;77;0;77
2907905;0;30;0;30
2908002;0;16;0;16
2908101;0;10;0;10
2908200;0;9;0;9
2908309;0;89;0;89
2908408;0;95;0;95
2908507;1;235;1;235
2908606;0;88;0;88
2908705;0;4;0;4
2908804;0;3;0;3
2908903;0;23;0;23
2909000;0;2;0;2
2909109;0;17;0;17
2909208;3;17;3;17
2909307;0;2;0;2
2909406;0;37;0;37
2909505;2;9;2;9
2909604;1;136;1;136
2909703;0;7;0;7
2909802;16;268;16;268
2909901;0;67;0;67
2910008;0;2;0;2
2910057;6;240;6;240
2910107;0;0;0;0
2910206;0;6;0;6
2910305;0;8;0;8
2910404;0;9;0;9
2910503;1;51;1;51
2910602;0;116;0;116
2910701;0;140;0;140
2910727;16;240;16;240
2910750;0;12;0;12
2910776;0;7;0;7
2910800;1;306;1;306
2910859;1;24;1;24
2910909;1;2;1;2
2911006;1;2;1;2
2911105;0;103;0;103
2911204;4;200;4;200
2911253;0;3;0;3
2911303;0;127;0;127
2911402;1;8;1;8
2911501;10;22;10;22
2911600;0;17;0;17
2911659;0;1;0;1
2911709;1;57;1;57
2911808;11;44;11;44
2911857;0;16;0;16
2911907;0;63;0;63
2912004;0;1;0;1
2912103;2;26;2;26
2912202;0;45;0;45
2912301;0;21;0;21
2912400;4;15;4;15
2912509;0;7;0;7
2912608;0;1;0;1
2912707;4;31;4;31
2912806;1;1;1;1
2912905;2;41;2;41
2913002;0;6;0;6
2913101;0;2;0;2
2913200;0;193;0;193
2913309;0;33;0;33
2913408;0;0;0;0
2913457;3;9;3;9
2913507;2;41;2;41
2913606;8;144;8;144
2913607;0;0;0;0
2913705;0;290;0;290
2913804;0;4;0;4
2913903;4;103;4;103
2914000;1;41;1;41
2914109;0;4;0;4
2914208;1;18;1;18
2914307;1;29;1;29
2914406;0;64;0;64
2914505;0;91;0;91
2914604;0;32;0;32
2914653;0;62;0;62
2914703;2;73;2;73
2914802;124;559;124;559
2914901;0;38;0;38
2915007;15;32;15;32
2915106;4;27;4;27
2915205;0;12;0;12
2915304;1;3;1;3
2915353;0;0;0;0
2915403;0;23;0;23
2915502;2;77;2;77
2915601;4;122;4;122
2915700;2;25;2;25
2915809;0;10;0;10
2915908;28;7;28;7
2916005;0;17;0;17
2916104;0;265;0;265
2916203;5;8;5;8
2916302;3;25;3;25
2916401;0;39;0;39
2916500;1;27;1;27
2916609;0;0;0;0
2916708;1;8;1;8
2916807;0;6;0;6
2916856;2;20;2;20
2916906;0;2;0;2
2917003;0;87;0;87
2917102;0;79;0;79
2917201;3;151;3;151
2917300;0;129;0;129
2917334;0;36;0;36
2917359;0;1;0;1
2917409;0;0;0;0
2917508;2;100;2;100
2917607;3;66;3;66
2917706;0;10;0;10
2917805;9;92;9;92
2917904;1;66;1;66
2918001;0;183;0;183
2918100;0;170;0;170
2918209;0;6;0;6
2918308;4;69;4;69
2918357;0;10;0;10
2918407;1;330;1;330
2918456;0;3;0;3
2918506;0;35;0;35
2918555;0;3;0;3
2918605;0;9;0;9
2918704;0;2;0;2
2918753;0;5;0;5
2918803;0;10;0;10
2918902;0;1;0;1
2919009;0;0;0;0
2919058;0;12;0;12
2919108;1;25;1;25
2919157;0;9;0;9
2919207;4;26;4;26
2919306;0;17;0;17
2919405;0;20;0;20
2919504;1;62;1;62
2919553;0;12;0;12
2919603;0;9;0;9
2919702;0;0;0;0
2919801;0;7;0;7
2919900;8;128;8;128
2919926;0;0;0;0
2919959;0;3;0;3
2920007;0;6;0;6
2920106;0;16;0;16
2920205;0;13;0;13
2920304;0;9;0;9
2920403;1;21;1;21
2920452;0;113;0;113
2920502;0;28;0;28
2920601;14;71;14;71
2920700;0;25;0;25
2920809;0;27;0;27
2920908;1;5;1;5
2921005;3;86;3;86
2921054;0;0;0;0
2921104;1;58;1;58
2921203;0;15;0;15
2921302;0;39;0;39
2921401;0;22;0;22
2921450;0;2;0;2
2921500;0;27;0;27
2921609;0;11;0;11
2921708;0;192;0;192
2921807;0;7;0;7
2921906;0;2;0;2
2922003;0;34;0;34
2922052;9;74;9;74
2922102;0;31;0;31
2922201;0;14;0;14
2922250;0;3;0;3
2922300;4;31;4;31
2922409;0;4;0;4
2922508;26;96;26;96
2922607;0;12;0;12
2922656;0;26;0;26
2922706;1;6;1;6
2922730;0;5;0;5
2922755;0;10;0;10
2922805;0;7;0;7
2922854;1;2;1;2
2922904;0;14;0;14
2923001;5;492;5;492
2923035;0;21;0;21
2923050;0;28;0;28
2923100;0;11;0;11
2923209;0;4;0;4
2923308;0;12;0;12
2923357;0;20;0;20
2923407;0;19;0;19
2923506;0;16;0;16
2923605;0;11;0;11
2923704;0;51;0;51
2923803;0;71;0;71
2923902;1;2;1;2
2924009;1;178;1;178
2924058;0;8;0;8
2924108;0;7;0;7
2924207;2;69;2;69
2924306;0;15;0;15
2924405;0;208;0;208
2924504;0;30;0;30
2924603;0;50;0;50
2924652;1;0;1;0
2924678;0;22;0;22
2924702;0;5;0;5
2924801;0;20;0;20
2924900;0;75;0;75
2925006;0;59;0;59
2925105;0;7;0;7
2925204;8;27;8;27
2925253;0;9;0;9
2925303;1;415;1;415
2925402;0;9;0;9
2925501;1;42;1;42
2925600;0;8;0;8
2925709;0;5;0;5
2925758;0;185;0;185
2925808;0;42;0;42
2925907;0;20;0;20
2925931;0;0;0;0
2925956;0;13;0;13
2926004;0;50;0;50
2926103;0;15;0;15
2926202;0;57;0;57
2926301;0;31;0;31
2926400;0;0;0;0
2926509;0;7;0;7
2926608;1;99;1;99
2926657;0;3;0;3
2926707;0;6;0;6
2926806;0;5;0;5
2926905;0;1;0;1
2927002;5;275;5;275
2927101;0;12;0;12
2927200;4;45;4;45
2927309;1;0;1;0
2927408;44;512;44;512
2927507;0;56;0;56
2927606;0;8;0;8
2927705;4;181;4;181
2927804;0;2;0;2
2927903;1;21;1;21
2928000;5;85;5;85
2928059;0;18;0;18
2928109;0;14;0;14
2928208;0;13;0;13
2928307;0;7;0;7
2928406;0;14;0;14
2928505;0;8;0;8
2928604;9;111;9;111
2928703;4;96;4;96
2928802;3;263;3;263
2928901;0;7;0;7
2928950;0;9;0;9
2929008;0;22;0;22
2929057;0;10;0;10
2929107;1;80;1;80
2929206;7;32;7;32
2929255;0;2;0;2
2929305;0;64;0;64
2929354;0;6;0;6
2929370;0;16;0;16
2929404;0;2;0;2
2929503;29;333;29;333
2929602;0;50;0;50
2929701;0;0;0;0
2929750;1;54;1;54
2929800;8;13;8;13
2929909;0;14;0;14
2930006;0;3;0;3
2930105;1;68;1;68
2930154;0;10;0;10
2930204;1;38;1;38
2930303;0;29;0;29
2930402;0;30;0;30
2930501;0;223;0;223
2930600;0;9;0;9
2930709;29;240;29;240
2930758;0;5;0;5
2930766;0;4;0;4
2930774;0;1;0;1
2930808;0;18;0;18
2930907;0;8;0;8
2931004;0;3;0;3
2931053;0;16;0;16
2931103;0;8;0;8
2931202;0;33;0;33
2931301;0;6;0;6
2931350;13;318;13;318
2931400;0;18;0;18
2931509;0;19;0;19
2931608;0;127;0;127
2931707;2;47;2;47
2931806;0;12;0;12
2931905;0;43;0;43
2932002;0;16;0;16
2932101;1;67;1;67
2932200;5;54;5;54
2932309;11;14;11;14
2932408;0;13;0;13
2932457;0;11;0;11
2932507;0;94;0;94
2932606;0;3;0;3
2932705;6;65;6;65
2932804;0;20;0;20
2932903;26;245;26;245
2933000;0;11;0;11
2933059;0;1;0;1
2933109;0;10;0;10
2933158;0;14;0;14
2933174;0;31;0;31
2933208;0;231;0;231
2933257;0;1;0;1
2933307;1;918;1;918
2933406;1;14;1;14
2933455;0;3;0;3
2933505;3;55;3;55
2933604;0;19;0;19
3100104;0;0;0;0
3100203;0;23;0;23
3100302;0;7;0;7
3100401;0;0;0;0
3100500;2;25;2;25
3100609;6;17;6;17
3100708;0;0;0;0
3100807;0;2;0;2
3100906;1;5;1;5
3101003;2;9;2;9
3101102;1;13;1;13
3101201;0;3;0;3
3101300;0;0;0;0
3101409;0;2;0;2
3101508;3;25;3;25
3101607;5;24;5;24
3101631;0;4;0;4
3101706;3;122;3;122
3101805;1;30;1;30
3101904;1;1;1;1
3102001;0;1;0;1
3102050;0;0;0;0
3102100;0;5;0;5
3102209;0;0;0;0
3102308;8;17;8;17
3102407;0;9;0;9
3102506;0;15;0;15
3102605;0;10;0;10
3102704;0;130;0;130
3102803;0;12;0;12
3102852;0;9;0;9
3102902;3;9;3;9
3103009;2;24;2;24
3103108;0;0;0;0
3103207;0;0;0;0
3103306;0;1;0;1
3103405;6;5;6;5
3103504;1;73;1;73
3103603;0;0;0;0
3103702;1;2;1;2
3103751;0;0;0;0
3103801;1;0;1;0
3103900;2;7;2;7
3104007;0;3;0;3
3104106;3;1;3;1
3104205;0;15;0;15
3104304;1;12;1;12
3104403;0;0;0;0
3104452;0;3;0;3
3104502;0;11;0;11
3104601;2;4;2;4
3104700;1;19;1;19
3104809;0;1;0;1
3104908;0;1;0;1
3105004;0;5;0;5
3105103;0;6;0;6
3105202;0;0;0;0
3105301;0;0;0;0
3105400;8;14;8;14
3105509;1;3;1;3
3105608;16;95;16;95
3105707;0;0;0;0
3105905;1;3;1;3
3106002;1;13;1;13
3106101;0;0;0;0
3106200;111;43;111;43
3106201;1;99;1;99
3106309;0;50;0;50
3106408;0;38;0;38
3106507;3;4;3;4
3106606;0;9;0;9
3106655;0;17;0;17
3106705;32;187;32;187
3106804;1;1;1;1
3106903;0;1;0;1
3107000;0;0;0;0
3107109;0;6;0;6
3107208;0;3;0;3
3107307;0;29;0;29
3107406;0;22;0;22
3107505;1;0;1;0
3107604;0;0;0;0
3107703;0;0;0;0
3107802;4;67;4;67
3107901;0;1;0;1
3108008;1;0;1;0
3108107;0;6;0;6
3108206;0;0;0;0
3108255;0;1;0;1
3108305;0;2;0;2
3108404;0;6;0;6
3108503;0;8;0;8
3108552;0;19;0;19
3108602;0;284;0;284
3108701;0;0;0;0
3108800;0;1;0;1
3108909;0;5;0;5
3109006;6;41;6;41
3109105;0;2;0;2
3109204;0;1;0;1
3109253;1;0;1;0
3109303;0;40;0;40
3109402;1;31;1;31
3109451;0;3;0;3
3109501;0;1;0;1
3109600;0;0;0;0
3109709;0;0;0;0
3109808;0;0;0;0
3109907;2;55;2;55
3110004;2;20;2;20
3110103;0;3;0;3
3110202;0;0;0;0
3110301;0;5;0;5
3110400;0;0;0;0
3110509;1;7;1;7
3110608;0;5;0;5
3110707;3;33;3;33
3110806;0;0;0;0
3110905;1;7;1;7
3111002;0;2;0;2
3111101;0;3;0;3
3111150;0;0;0;0
3111200;0;1;0;1
3111309;0;0;0;0
3111408;1;2;1;2
3111507;0;2;0;2
3111606;0;13;0;13
3111705;0;1;0;1
3111804;1;0;1;0
3111903;0;0;0;0
3112000;0;3;0;3
3112059;6;12;6;12
3112109;3;0;3;0
3112208;3;7;3;7
3112307;0;10;0;10
3112406;0;0;0;0
3112505;0;1;0;1
3112604;0;3;0;3
3112653;0;2;0;2
3112703;0;41;0;41
3112802;0;0;0;0
3112901;1;1;1;1
3113008;5;31;5;31
3113107;0;1;0;1
3113206;2;23;2;23
3113305;0;3;0;3
3113404;23;146;23;146
3113405;0;1;0;1
3113503;0;3;0;3
3113602;0;2;0;2
3113701;0;8;0;8
3113800;1;0;1;0
3113909;0;0;0;0
3114006;0;3;0;3
3114105;1;7;1;7
3114204;0;3;0;3
3114303;0;14;0;14
3114402;0;3;0;3
3114501;0;4;0;4
3114550;0;5;0;5
3114600;0;0;0;0
3114709;0;0;0;0
3114808;0;15;0;15
3114907;1;0;1;0
3115003;0;0;0;0
3115102;0;1;0;1
3115201;0;0;0;0
3115300;10;88;10;88
3115359;0;0;0;0
3115409;1;0;1;0
3115458;0;1;0;1
3115474;0;0;0;0
3115508;0;6;0;6
3115607;0;0;0;0
3115706;0;1;0;1
3115805;0;7;0;7
3115904;0;0;0;0
3116001;0;0;0;0
3116100;35;59;35;59
3116159;0;23;0;23
3116209;0;0;0;0
3116308;1;1;1;1
3116407;0;0;0;0
3116506;0;8;0;8
3116605;0;4;0;4
3116704;0;0;0;0
3116803;0;0;0;0
3116902;0;0;0;0
3117009;0;5;0;5
3117108;1;1;1;1
3117207;0;0;0;0
3117306;0;13;0;13
3117405;0;0;0;0
3117504;1;85;1;85
3117603;2;0;2;0
3117702;1;3;1;3
3117801;0;0;0;0
3117836;0;1;0;1
3117876;0;3;0;3
3117900;1;1;1;1
3118007;10;39;10;39
3118106;0;6;0;6
3118205;1;21;1;21
3118304;9;74;9;74
3118403;1;6;1;6
3118502;0;0;0;0
3118601;20;74;20;74
3118700;0;0;0;0
3118809;2;381;2;381
3118908;2;19;2;19
3119005;0;0;0;0
3119104;0;5;0;5
3119203;0;12;0;12
3119302;0;119;0;119
3119401;3;61;3;61
3119500;0;42;0;42
3119609;0;3;0;3
3119708;0;0;0;0
3119807;0;7;0;7
3119906;0;0;0;0
3119955;0;31;0;31
3120003;1;1;1;1
3120102;0;8;0;8
3120151;4;2;4;2
3120201;0;1;0;1
3120300;0;3;0;3
3120409;0;14;0;14
3120508;1;9;1;9
3120607;0;1;0;1
3120706;0;0;0;0
3120805;1;7;1;7
3120839;0;0;0;0
3120870;5;87;5;87
3120904;0;37;0;37
3121001;0;1;0;1
3121100;0;0;0;0
3121209;0;0;0;0
3121258;0;0;0;0
3121308;0;0;0;0
3121407;3;0;3;0
3121506;1;0;1;0
3121605;1;85;1;85
3121606;0;18;0;18
3121704;2;0;2;0
3121803;0;5;0;5
3121902;1;0;1;0
3122009;2;10;2;10
3122108;0;8;0;8
3122207;6;78;6;78
3122306;3;57;3;57
3122355;0;4;0;4
3122405;0;3;0;3
3122454;0;0;0;0
3122470;0;0;0;0
3122504;0;1;0;1
3122603;0;0;0;0
3122702;1;0;1;0
3122801;0;0;0;0
3122900;0;2;0;2
3123007;1;10;1;10
3123106;1;2;1;2
3123205;0;3;0;3
3123304;3;2;3;2
3123403;0;0;0;0
3123502;0;0;0;0
3123528;5;21;5;21
3123601;2;2;2;2
3123700;0;9;0;9
3123809;3;4;3;4
3123858;2;1;2;1
3123908;1;27;1;27
3124005;0;2;0;2
3124104;23;825;23;825
3124203;0;23;0;23
3124302;2;55;2;55
3124401;0;0;0;0
3124500;0;2;0;2
3124609;0;2;0;2
3124708;0;1;0;1
3124807;1;21;1;21
3124906;0;2;0;2
3125002;0;0;0;0
3125101;0;59;0;59
3125200;1;0;1;0
3125309;0;0;0;0
3125408;0;8;0;8
3125507;0;1;0;1
3125606;0;1;0;1
3125705;0;15;0;15
3125804;0;1;0;1
3125903;0;268;0;268
3125952;0;12;0;12
3126000;0;21;0;21
3126109;2;2;2;2
3126208;0;0;0;0
3126307;0;0;0;0
3126406;0;0;0;0
3126505;1;2;1;2
3126604;2;103;2;103
3126703;1;114;1;114
3126752;0;2;0;2
3126802;1;2;1;2
3126901;0;7;0;7
3126950;1;8;1;8
3127008;0;0;0;0
3127057;0;3;0;3
3127073;0;0;0;0
3127107;5;29;5;29
3127206;1;1;1;1
3127305;0;46;0;46
3127339;0;3;0;3
3127354;0;11;0;11
3127370;0;0;0;0
3127388;1;0;1;0
3127404;0;0;0;0
3127503;0;4;0;4
3127602;0;0;0;0
3127701;9;70;9;70
3127702;0;0;0;0
3127800;0;8;0;8
3127909;0;0;0;0
3128006;2;60;2;60
3128105;2;0;2;0
3128204;1;0;1;0
3128253;0;0;0;0
3128303;0;4;0;4
3128402;0;3;0;3
3128501;0;0;0;0
3128600;0;0;0;0
3128709;3;17;3;17
3128808;0;3;0;3
3128907;0;0;0;0
3129004;3;3;3;3
3129103;0;0;0;0
3129202;0;0;0;0
3129301;2;3;2;3
3129400;0;4;0;4
3129509;0;3;0;3
3129608;0;29;0;29
3129657;0;3;0;3
3129707;1;0;1;0
3129806;3;59;3;59
3129905;0;0;0;0
3130002;0;0;0;0
3130051;0;8;0;8
3130101;2;104;2;104
3130200;1;11;1;11
3130309;0;4;0;4
3130408;0;13;0;13
3130507;0;3;0;3
3130556;3;6;3;6
3130606;1;0;1;0
3130655;0;2;0;2
3130705;0;6;0;6
3130804;1;0;1;0
3130903;19;266;19;266
3131000;0;0;0;0
3131109;0;4;0;4
3131158;0;22;0;22
3131208;1;0;1;0
3131307;30;22;30;22
3131406;0;0;0;0
3131505;0;14;0;14
3131604;0;0;0;0
3131703;5;37;5;37
3131802;1;7;1;7
3131901;6;19;6;19
3132008;0;4;0;4
3132107;0;5;0;5
3132206;3;2;3;2
3132305;0;14;0;14
3132404;4;10;4;10
3132405;0;1;0;1
3132503;0;172;0;172
3132602;0;1;0;1
3132701;0;19;0;19
3132800;2;1;2;1
3132909;0;5;0;5
3133006;2;1;2;1
3133105;3;6;3;6
3133204;1;11;1;11
3133303;0;10;0;10
3133402;0;2;0;2
3133501;0;3;0;3
3133600;1;1;1;1
3133709;0;2;0;2
3133758;0;2;0;2
3133808;1;4;1;4
3133907;0;26;0;26
3134004;0;1;0;1
3134103;0;1;0;1
3134202;8;22;8;22
3134301;2;1;2;1
3134400;0;17;0;17
3134509;0;0;0;0
3134608;1;159;1;159
3134707;0;4;0;4
3134806;0;0;0;0
3134905;0;3;0;3
3135001;0;0;0;0
3135050;0;81;0;81
3135076;2;8;2;8
3135100;0;46;0;46
3135209;0;78;0;78
3135210;0;114;0;114
3135308;0;2;0;2
3135357;0;2;0;2
3135407;0;2;0;2
3135456;0;4;0;4
3135506;6;9;6;9
3135605;0;57;0;57
3135704;0;4;0;4
3135803;2;10;2;10
3135902;0;0;0;0
3136009;0;11;0;11
3136108;5;36;5;36
3136207;2;21;2;21
3136306;1;27;1;27
3136405;0;6;0;6
3136504;0;3;0;3
3136520;0;0;0;0
3136553;0;3;0;3
3136579;0;1;0;1
3136603;0;0;0;0
3136652;4;186;4;186
3136702;29;149;29;149
3136703;2;7;2;7
3136801;0;2;0;2
3136900;0;0;0;0
3136959;0;26;0;26
3137007;1;3;1;3
3137106;0;0;0;0
3137205;0;19;0;19
3137304;0;3;0;3
3137403;2;1;2;1
3137502;2;9;2;9
3137536;0;9;0;9
3137601;4;67;4;67
3137700;8;23;8;23
3137809;0;1;0;1
3137908;6;2;6;2
3138005;0;0;0;0
3138104;0;2;0;2
3138203;9;37;9;37
3138302;0;0;0;0
3138351;0;1;0;1
3138401;3;31;3;31
3138500;0;2;0;2
3138609;3;13;3;13
3138625;0;9;0;9
3138658;0;6;0;6
3138674;1;0;1;0
3138682;0;8;0;8
3138708;0;0;0;0
3138807;1;13;1;13
3138906;0;3;0;3
3139003;1;9;1;9
3139102;3;0;3;0
3139201;0;20;0;20
3139250;0;5;0;5
3139300;0;30;0;30
3139409;10;111;10;111
3139508;6;4;6;4
3139607;0;5;0;5
3139706;0;5;0;5
3139805;1;12;1;12
3139904;0;3;0;3
3140001;3;37;3;37
3140002;0;0;0;0
3140100;1;2;1;2
3140159;2;29;2;29
3140209;0;0;0;0
3140308;0;0;0;0
3140407;0;1;0;1
3140506;2;50;2;50
3140530;0;2;0;2
3140555;1;0;1;0
3140605;0;2;0;2
3140704;4;192;4;192
3140803;2;44;2;44
3140852;0;6;0;6
3140902;1;16;1;16
3141009;0;28;0;28
3141108;1;2;1;2
3141207;1;2;1;2
3141306;1;0;1;0
3141405;0;7;0;7
3141504;0;15;0;15
3141603;2;4;2;4
3141702;3;4;3;4
3141801;0;101;0;101
3141900;0;0;0;0
3142007;0;22;0;22
3142106;1;5;1;5
3142205;0;4;0;4
3142254;0;3;0;3
3142304;0;28;0;28
3142403;0;1;0;1
3142502;0;1;0;1
3142601;1;2;1;2
3142700;0;22;0;22
3142809;0;4;0;4
3142908;0;24;0;24
3143005;0;1;0;1
3143104;1;9;1;9
3143153;0;0;0;0
3143203;0;0;0;0
3143302;4;710;4;710
3143401;2;16;2;16
3143450;0;3;0;3
3143500;0;27;0;27
3143609;0;0;0;0
3143708;0;2;0;2
3143807;0;0;0;0
3143906;43;34;43;34
3144003;5;63;5;63
3144102;0;10;0;10
3144201;0;5;0;5
3144300;20;40;20;40
3144359;1;3;1;3
3144375;0;3;0;3
3144409;0;0;0;0
3144508;0;0;0;0
3144607;0;7;0;7
3144656;0;2;0;2
3144672;0;2;0;2
3144706;1;3;1;3
3144805;0;8;0;8
3144904;0;1;0;1
3145000;1;0;1;0
3145059;0;39;0;39
3145109;4;20;4;20
3145208;0;30;0;30
3145307;11;46;11;46
3145356;14;10;14;10
3145372;0;7;0;7
3145406;3;0;3;0
3145455;0;1;0;1
3145505;0;0;0;0
3145604;0;6;0;6
3145703;0;0;0;0
3145802;0;0;0;0
3145851;0;0;0;0
3145877;4;25;4;25
3145901;3;29;3;29
3146008;7;5;7;5
3146107;11;37;11;37
3146108;1;5;1;5
3146206;0;4;0;4
3146255;4;46;4;46
3146305;10;14;10;14
3146404;0;4;0;4
3146503;0;4;0;4
3146552;0;3;0;3
3146602;1;0;1;0
3146701;0;3;0;3
3146750;1;5;1;5
3146909;1;3;1;3
3147006;7;28;7;28
3147105;0;25;0;25
3147204;1;8;1;8
3147303;2;9;2;9
3147402;0;12;0;12
3147501;2;1;2;1
3147600;1;2;1;2
3147709;0;26;0;26
3147808;0;0;0;0
3147907;1;12;1;12
3147956;0;0;0;0
3148004;1;12;1;12
3148103;2;31;2;31
3148202;1;6;1;6
3148301;0;1;0;1
3148400;1;6;1;6
3148509;0;2;0;2
3148608;2;58;2;58
3148707;1;47;1;47
3148756;1;0;1;0
3148806;0;1;0;1
3148905;0;1;0;1
3149002;0;0;0;0
3149101;1;1;1;1
3149150;0;2;0;2
3149200;0;3;0;3
3149309;9;167;9;167
3149408;0;0;0;0
3149507;1;0;1;0
3149606;0;3;0;3
3149705;0;26;0;26
3149804;0;0;0;0
3149903;0;4;0;4
3149952;2;16;2;16
3150000;0;8;0;8
3150109;0;0;0;0
3150158;0;0;0;0
3150208;1;2;1;2
3150307;1;12;1;12
3150406;0;3;0;3
3150505;0;2;0;2
3150539;0;4;0;4
3150570;0;33;0;33
3150604;1;2;1;2
3150703;0;0;0;0
3150802;8;14;8;14
3150901;0;0;0;0
3151008;0;0;0;0
3151107;4;6;4;6
3151206;1;25;1;25
3151305;0;0;0;0
3151404;0;4;0;4
3151503;0;1;0;1
3151602;0;0;0;0
3151701;2;1;2;1
3151800;6;5;6;5
3151909;1;0;1;0
3152006;0;30;0;30
3152105;11;13;11;13
3152131;0;8;0;8
3152170;0;3;0;3
3152204;0;33;0;33
3152303;0;0;0;0
3152402;4;54;4;54
3152501;2;9;2;9
3152600;0;21;0;21
3152709;0;12;0;12
3152808;0;42;0;42
3152907;0;0;0;0
3153004;0;2;0;2
3153103;0;0;0;0
3153202;0;0;0;0
3153301;0;1;0;1
3153400;11;167;11;167
3153509;0;12;0;12
3153608;0;2;0;2
3153707;3;12;3;12
3153806;0;0;0;0
3153905;4;6;4;6
3154002;3;44;3;44
3154101;0;21;0;21
3154150;0;7;0;7
3154200;0;24;0;24
3154309;3;17;3;17
3154408;14;23;14;23
3154457;3;38;3;38
3154507;0;8;0;8
3154606;27;214;27;214
3154705;0;1;0;1
3154804;1;8;1;8
3154903;0;8;0;8
3155009;0;0;0;0
3155108;0;0;0;0
3155207;2;3;2;3
3155306;1;1;1;1
3155405;0;5;0;5
3155504;1;11;1;11
3155603;0;3;0;3
3155702;4;4;4;4
3155801;1;7;1;7
3155900;12;0;12;0
3156007;4;21;4;21
3156106;0;1;0;1
3156205;0;2;0;2
3156304;1;0;1;0
3156403;0;1;0;1
3156452;0;0;0;0
3156502;0;1;0;1
3156601;0;7;0;7
3156700;10;106;10;106
3156809;3;12;3;12
3156908;0;5;0;5
3157005;7;18;7;18
3157104;0;4;0;4
3157203;1;43;1;43
3157252;4;6;4;6
3157278;0;0;0;0
3157302;1;3;1;3
3157336;0;0;0;0
3157377;0;0;0;0
3157401;0;3;0;3
3157500;5;15;5;15
3157609;0;18;0;18
3157658;0;9;0;9
3157708;1;0;1;0
3157807;3;67;3;67
3157906;4;1;4;1
3158003;0;5;0;5
3158102;0;4;0;4
3158201;1;145;1;145
3158300;0;18;0;18
3158409;0;0;0;0
3158508;0;20;0;20
3158607;3;0;3;0
3158706;0;0;0;0
3158805;0;0;0;0
3158904;8;4;8;4
3158953;11;47;11;47
3159001;0;2;0;2
3159100;2;3;2;3
3159209;0;5;0;5
3159308;1;3;1;3
3159357;3;27;3;27
3159407;0;1;0;1
3159506;0;15;0;15
3159605;5;0;5;0
3159704;0;0;0;0
3159803;0;4;0;4
3159902;1;34;1;34
3160009;0;1;0;1
3160108;3;0;3;0
3160207;0;0;0;0
3160306;0;16;0;16
3160405;0;0;0;0
3160454;0;4;0;4
3160504;0;9;0;9
3160603;0;4;0;4
3160702;3;17;3;17
3160801;0;0;0;0
3160900;1;0;1;0
3160959;0;0;0;0
3161007;31;13;31;13
3161056;0;4;0;4
3161106;0;193;0;193
3161205;0;16;0;16
3161304;0;0;0;0
3161403;1;0;1;0
3161502;4;1;4;1
3161601;0;1;0;1
3161650;0;2;0;2
3161700;0;3;0;3
3161809;0;0;0;0
3161908;0;0;0;0
3162005;1;4;1;4
3162104;0;65;0;65
3162203;0;0;0;0
3162252;0;2;0;2
3162302;0;0;0;0
3162401;20;182;20;182
3162450;0;14;0;14
3162500;0;25;0;25
3162559;1;1;1;1
3162575;0;7;0;7
3162609;0;1;0;1
3162658;0;0;0;0
3162708;0;3;0;3
3162807;1;21;1;21
3162906;6;11;6;11
3162922;0;61;0;61
3162948;0;0;0;0
3162955;6;22;6;22
3163003;0;5;0;5
3163102;0;1;0;1
3163201;0;0;0;0
3163300;0;0;0;0
3163409;0;0;0;0
3163508;0;1;0;1
3163607;0;0;0;0
3163706;1;16;1;16
3163805;0;0;0;0
3163904;0;2;0;2
3164001;2;2;2;2
3164100;0;2;0;2
3164209;0;7;0;7
3164308;0;0;0;0
3164407;0;0;0;0
3164431;0;4;0;4
3164472;2;8;2;8
3164506;0;7;0;7
3164605;0;1;0;1
3164704;0;6;0;6
3164803;4;1;4;1
3164902;0;0;0;0
3165008;0;2;0;2
3165107;0;1;0;1
3165206;0;0;0;0
3165305;0;1;0;1
3165404;0;0;0;0
3165503;6;2;6;2
3165537;3;7;3;7
3165552;1;52;1;52
3165560;1;4;1;4
3165578;0;1;0;1
3165602;0;0;0;0
3165701;2;0;2;0
3165800;0;0;0;0
3165909;0;0;0;0
3166006;0;0;0;0
3166105;3;5;3;5
3166204;0;2;0;2
3166303;0;6;0;6
3166402;0;0;0;0
3166501;0;0;0;0
3166600;0;0;0;0
3166709;0;27;0;27
3166808;0;0;0;0
3166907;1;1;1;1
3166956;0;4;0;4
3167004;0;3;0;3
3167103;0;106;0;106
3167202;2;80;2;80
3167301;1;4;1;4
3167400;0;0;0;0
3167509;0;0;0;0
3167608;0;8;0;8
3167707;2;6;2;6
3167806;0;0;0;0
3167905;0;4;0;4
3168002;0;26;0;26
3168051;0;0;0;0
3168101;0;1;0;1
3168200;0;1;0;1
3168309;0;6;0;6
3168408;4;23;4;23
3168507;2;3;2;3
3168606;4;129;4;129
3168705;7;115;7;115
3168804;0;0;0;0
3168903;0;0;0;0
3169000;5;14;5;14
3169059;0;0;0;0
3169109;0;0;0;0
3169208;0;8;0;8
3169307;2;21;2;21
3169356;0;9;0;9
3169406;5;19;5;19
3169505;0;1;0;1
3169604;1;4;1;4
3169703;1;9;1;9
3169802;0;0;0;0
3169901;81;109;81;109
3170008;0;11;0;11
3170057;7;12;7;12
3170107;19;61;19;61
3170206;2;20;2;20
3170305;0;1;0;1
3170404;1;6;1;6
3170438;0;0;0;0
3170479;0;1;0;1
3170503;2;0;2;0
3170529;0;15;0;15
3170578;2;1;2;1
3170602;0;1;0;1
3170651;1;4;1;4
3170701;3;32;3;32
3170750;0;1;0;1
3170800;1;27;1;27
3170909;0;137;0;137
3171006;1;3;1;3
3171030;0;13;0;13
3171071;0;2;0;2
3171105;0;0;0;0
3171154;0;0;0;0
3171204;0;9;0;9
3171303;2;56;2;56
3171402;0;1;0;1
3171501;2;3;2;3
3171600;0;6;0;6
3171709;0;0;0;0
3171808;0;2;0;2
3171907;1;2;1;2
3172004;2;1;2;1
3172103;0;0;0;0
3172202;1;0;1;0
3200102;4;8;4;8
3200136;1;2;1;2
3200169;0;35;0;35
3200201;1;2;1;2
3200300;1;1;1;1
3200359;0;1;0;1
3200409;2;3;2;3
3200508;0;0;0;0
3200607;2;37;2;37
3200706;0;2;0;2
3200805;2;3;2;3
3200904;0;32;0;32
3200905;0;0;0;0
3201001;0;9;0;9
3201100;13;1;13;1
3201159;0;17;0;17
3201209;6;44;6;44
3201308;12;130;12;130
3201407;0;22;0;22
3201506;7;20;7;20
3201605;1;15;1;15
3201704;2;16;2;16
3201803;0;4;0;4
3201902;0;4;0;4
3202009;0;0;0;0
3202108;1;51;1;51
3202207;1;31;1;31
3202256;0;8;0;8
3202306;5;48;5;48
3202405;3;46;3;46
3202454;3;36;3;36
3202504;1;2;1;2
3202553;1;1;1;1
3202603;1;2;1;2
3202652;0;0;0;0
3202702;0;3;0;3
3202801;1;11;1;11
3202900;0;0;0;0
3203007;0;3;0;3
3203056;1;20;1;20
3203106;4;10;4;10
3203130;1;2;1;2
3203163;1;0;1;0
3203205;3;50;3;50
3203304;3;10;3;10
3203320;0;20;0;20
3203346;2;3;2;3
3203353;0;2;0;2
3203403;3;31;3;31
3203502;6;5;6;5
3203601;0;8;0;8
3203700;5;4;5;4
3203809;0;4;0;4
3203908;6;54;6;54
3204005;0;15;0;15
3204054;1;28;1;28
3204104;0;17;0;17
3204203;1;6;1;6
3204252;0;3;0;3
3204302;0;31;0;31
3204351;3;0;3;0
3204401;1;7;1;7
3204500;11;15;11;15
3204559;6;7;6;7
3204609;0;1;0;1
3204658;4;1;4;1
3204708;10;17;10;17
3204807;0;2;0;2
3204906;10;112;10;112
3204955;1;20;1;20
3205002;18;164;18;164
3205010;3;108;3;108
3205036;9;21;9;21
3205069;0;8;0;8
3205101;7;71;7;71
3205150;0;15;0;15
3205176;2;2;2;2
3205200;3;124;3;124
3205309;11;0;11;0
3300100;16;19;16;19
3300159;7;2;7;2
3300209;3;481;3;481
3300225;9;11;9;11
3300233;0;3;0;3
3300258;0;13;0;13
3300308;14;155;14;155
3300407;29;60;29;60
3300456;85;3639;85;3639
3300506;11;21;11;21
3300605;4;10;4;10
3300704;66;209;66;209
3300803;19;59;19;59
3300902;0;45;0;45
3300936;0;41;0;41
3300951;5;2;5;2
3301009;47;379;47;379
3301010;26;213;26;213
3301108;25;32;25;32
3301157;2;41;2;41
3301207;0;5;0;5
3301306;1;0;1;0
3301405;27;30;27;30
3301504;6;1;6;1
3301603;1;2;1;2
3301702;480;3021;480;3021
3301801;0;8;0;8
3301850;33;420;33;420
3301876;0;23;0;23
3301900;58;2346;58;2346
3302007;31;141;31;141
3302056;0;13;0;13
3302106;1;13;1;13
3302205;22;77;22;77
3302254;1;13;1;13
3302270;57;474;57;474
3302304;0;12;0;12
3302403;70;218;70;218
3302452;0;1;0;1
3302502;165;1481;165;1481
3302601;18;10;18;10
3302700;24;687;24;687
3302809;7;89;7;89
3302858;42;108;42;108
3302908;12;19;12;19
3303005;2;14;2;14
3303104;0;9;0;9
3303203;6;2;6;2
3303302;35;71;35;71
3303401;16;98;16;98
3303500;334;2996;334;2996
3303609;16;43;16;43
3303708;22;54;22;54
3303807;12;96;12;96
3303856;10;68;10;68
3303906;66;68;66;68
3303955;13;16;13;16
3304003;3;35;3;35
3304102;0;3;0;3
3304110;2;10;2;10
3304128;1;2;1;2
3304144;13;459;13;459
3304151;0;3;0;3
3304201;3;6;3;6
3304300;22;31;22;31
3304409;11;20;11;20
3304508;1;4;1;4
3304524;1;8;1;8
3304557;179;378;179;378
3304607;1;2;1;2
3304706;2;30;2;30
3304707;3;10;3;10
3304755;4;316;4;316
3304805;16;13;16;13
3304904;349;5703;349;5703
3305000;1;64;1;64
3305109;14;304;14;304
3305133;0;2;0;2
3305158;8;18;8;18
3305208;3;238;3;238
3305307;4;33;4;33
3305406;2;12;2;12
3305505;25;427;25;427
3305554;6;118;6;118
3305604;4;24;4;24
3305703;12;18;12;18
3305752;14;118;14;118
3305802;19;199;19;199
3305901;9;38;9;38
3306008;8;26;8;26
3306107;10;65;10;65
3306156;0;0;0;0
3306206;5;4;5;4
3306305;4;1;4;1
3500105;0;0;0;0
3500204;0;0;0;0
3500303;0;4;0;4
3500402;1;9;1;9
3500501;1;0;1;0
3500550;0;0;0;0
3500600;0;0;0;0
3500709;0;3;0;3
3500758;0;0;0;0
3500808;0;0;0;0
3500907;0;0;0;0
3501004;0;0;0;0
3501103;0;0;0;0
3501152;0;0;0;0
3501202;0;0;0;0
3501301;1;11;1;11
3501400;0;0;0;0
3501509;0;0;0;0
3501608;1;17;1;17
3501707;3;2;3;2
3501806;0;0;0;0
3501905;2;5;2;5
3502002;0;0;0;0
3502101;1;4;1;4
3502200;0;1;0;1
3502309;0;0;0;0
3502408;0;0;0;0
3502507;0;12;0;12
3502606;0;0;0;0
3502705;0;32;0;32
3502754;0;5;0;5
3502804;3;26;3;26
3502903;1;8;1;8
3503000;0;0;0;0
3503109;0;6;0;6
3503158;0;0;0;0
3503208;0;7;0;7
3503307;0;1;0;1
3503356;0;0;0;0
3503406;0;0;0;0
3503505;0;0;0;0
3503604;0;1;0;1
3503703;0;0;0;0
3503802;0;6;0;6
3503901;1;11;1;11
3503950;0;0;0;0
3504008;4;10;4;10
3504107;2;7;2;7
3504206;2;24;2;24
3504305;0;0;0;0
3504404;0;0;0;0
3504503;0;29;0;29
3504602;0;0;0;0
3504701;0;0;0;0
3504800;0;1;0;1
3504909;0;2;0;2
3505005;0;0;0;0
3505104;0;0;0;0
3505203;1;1;1;1
3505302;0;0;0;0
3505351;0;6;0;6
3505401;0;0;0;0
3505500;5;50;5;50
3505609;0;0;0;0
3505708;13;0;13;0
3505807;0;3;0;3
3505906;0;2;0;2
3506003;6;76;6;76
3506102;1;3;1;3
3506201;0;0;0;0
3506300;0;0;0;0
3506359;0;6;0;6
3506409;0;6;0;6
3506508;1;35;1;35
3506607;0;14;0;14
3506706;0;0;0;0
3506805;2;22;2;22
3506904;0;3;0;3
3507001;0;2;0;2
3507100;0;0;0;0
3507159;0;0;0;0
3507209;0;0;0;0
3507308;0;10;0;10
3507407;0;1;0;1
3507456;0;0;0;0
3507506;5;19;5;19
3507605;0;5;0;5
3507704;0;1;0;1
3507753;0;0;0;0
3507803;0;13;0;13
3507902;0;2;0;2
3508009;6;14;6;14
3508108;0;11;0;11
3508207;0;0;0;0
3508306;0;1;0;1
3508405;0;25;0;25
3508504;15;34;15;34
3508603;1;8;1;8
3508702;4;5;4;5
3508801;0;3;0;3
3508900;0;2;0;2
3509007;1;7;1;7
3509106;0;1;0;1
3509205;1;29;1;29
3509254;0;1;0;1
3509304;0;0;0;0
3509403;0;0;0;0
3509452;0;1;0;1
3509502;21;64;21;64
3509601;3;25;3;25
3509700;2;5;2;5
3509809;0;0;0;0
3509908;0;14;0;14
3509957;0;1;0;1
3510005;0;8;0;8
3510104;0;0;0;0
3510153;0;0;0;0
3510203;0;25;0;25
3510302;0;7;0;7
3510401;1;27;1;27
3510500;0;10;0;10
3510609;4;11;4;11
3510708;0;6;0;6
3510807;0;3;0;3
3510906;0;1;0;1
3511003;0;6;0;6
3511102;0;20;0;20
3511201;0;4;0;4
3511300;0;0;0;0
3511409;0;0;0;0
3511508;0;4;0;4
3511607;0;1;0;1
3511706;0;2;0;2
3511904;0;0;0;0
3512001;0;0;0;0
3512100;0;3;0;3
3512209;1;1;1;1
3512308;2;3;2;3
3512407;0;3;0;3
3512506;0;0;0;0
3512605;1;0;1;0
3512704;0;0;0;0
3512803;0;1;0;1
3512902;1;2;1;2
3513009;3;8;3;8
3513108;0;0;0;0
3513207;0;0;0;0
3513306;0;0;0;0
3513405;1;31;1;31
3513504;0;1;0;1
3513603;3;31;3;31
3513702;1;2;1;2
3513801;0;31;0;31
3513850;0;0;0;0
3513900;0;2;0;2
3514007;0;0;0;0
3514106;0;0;0;0
3514205;0;0;0;0
3514304;0;1;0;1
3514403;0;0;0;0
3514502;1;0;1;0
3514601;0;0;0;0
3514700;0;0;0;0
3514809;0;0;0;0
3514908;0;0;0;0
3514924;0;0;0;0
3514957;0;3;0;3
3515004;1;41;1;41
3515103;2;229;2;229
3515129;0;0;0;0
3515152;0;0;0;0
3515186;1;4;1;4
3515194;0;0;0;0
3515202;0;0;0;0
3515301;0;5;0;5
3515350;1;7;1;7
3515400;0;0;0;0
3515509;0;15;0;15
3515608;0;0;0;0
3515657;0;0;0;0
3515707;1;36;1;36
3515806;0;0;0;0
3515905;0;0;0;0
3516002;0;0;0;0
3516101;0;0;0;0
3516200;1;3;1;3
3516309;5;118;5;118
3516408;7;47;7;47
3516507;0;1;0;1
3516606;0;0;0;0
3516705;0;1;0;1
3516804;0;0;0;0
3516853;0;0;0;0
3516903;0;5;0;5
3517000;0;2;0;2
3517109;0;0;0;0
3517208;0;2;0;2
3517307;0;0;0;0
3517406;0;4;0;4
3517505;0;0;0;0
3517604;0;6;0;6
3517703;0;7;0;7
3517802;0;0;0;0
3517901;0;0;0;0
3518008;0;0;0;0
3518107;0;0;0;0
3518206;0;1;0;1
3518305;1;29;1;29
3518404;1;15;1;15
3518503;0;17;0;17
3518602;0;1;0;1
3518701;54;18;54;18
3518800;57;105;57;105
3518859;0;0;0;0
3518909;0;0;0;0
3519006;0;0;0;0
3519055;0;1;0;1
3519071;6;22;6;22
3519105;0;6;0;6
3519204;0;0;0;0
3519253;0;2;0;2
3519303;0;0;0;0
3519402;0;1;0;1
3519501;0;1;0;1
3519600;0;7;0;7
3519709;0;61;0;61
3519808;0;0;0;0
3519907;0;2;0;2
3520004;0;1;0;1
3520103;1;27;1;27
3520202;0;0;0;0
3520301;0;14;0;14
3520400;0;5;0;5
3520426;0;4;0;4
3520442;0;0;0;0
3520509;3;71;3;71
3520608;0;0;0;0
3520707;0;0;0;0
3520806;0;0;0;0
3520905;0;0;0;0
3521002;0;0;0;0
3521101;0;0;0;0
3521150;0;0;0;0
3521200;0;1;0;1
3521309;1;2;1;2
3521408;0;1;0;1
3521507;0;0;0;0
3521606;0;0;0;0
3521705;3;5;3;5
3521804;0;12;0;12
3521903;0;33;0;33
3522000;0;0;0;0
3522109;0;100;0;100
3522158;0;2;0;2
3522208;7;33;7;33
3522307;5;20;5;20
3522406;2;58;2;58
3522505;11;93;11;93
3522604;1;3;1;3
3522653;0;5;0;5
3522703;0;10;0;10
3522802;0;9;0;9
3522901;0;0;0;0
3523008;0;0;0;0
3523107;31;301;31;301
3523206;1;23;1;23
3523305;8;32;8;32
3523404;3;21;3;21
3523503;1;6;1;6
3523602;0;1;0;1
3523701;0;0;0;0
3523800;0;6;0;6
3523909;1;26;1;26
3524006;5;16;5;16
3524105;0;0;0;0
3524204;0;0;0;0
3524303;2;2;2;2
3524402;1;27;1;27
3524501;0;0;0;0
3524600;0;2;0;2
3524709;0;1;0;1
3524808;0;4;0;4
3524907;0;2;0;2
3525003;0;1;0;1
3525102;0;2;0;2
3525201;0;35;0;35
3525300;2;6;2;6
3525409;0;0;0;0
3525508;1;0;1;0
3525607;0;0;0;0
3525706;2;11;2;11
3525805;0;0;0;0
3525854;0;0;0;0
3525904;2;8;2;8
3526001;0;0;0;0
3526100;0;0;0;0
3526209;0;28;0;28
3526308;0;0;0;0
3526407;0;2;0;2
3526506;1;0;1;0
3526605;0;2;0;2
3526704;0;6;0;6
3526803;1;6;1;6
3526902;3;8;3;8
3527009;0;1;0;1
3527108;0;10;0;10
3527207;0;25;0;25
3527256;0;0;0;0
3527306;1;4;1;4
3527405;0;4;0;4
3527504;0;0;0;0
3527603;0;0;0;0
3527702;0;0;0;0
3527801;0;0;0;0
3527900;0;0;0;0
3528007;0;1;0;1
3528106;0;0;0;0
3528205;0;6;0;6
3528304;0;0;0;0
3528403;4;24;4;24
3528502;3;195;3;195
3528601;0;0;0;0
3528700;0;1;0;1
3528809;0;8;0;8
3528858;0;1;0;1
3528908;0;0;0;0
3529005;6;38;6;38
3529104;0;0;0;0
3529203;0;11;0;11
3529302;4;4;4;4
3529401;1;39;1;39
3529500;0;0;0;0
3529609;0;0;0;0
3529658;0;1;0;1
3529708;0;12;0;12
3529807;0;4;0;4
3529906;2;9;2;9
3530003;0;0;0;0
3530102;0;2;0;2
3530201;0;2;0;2
3530300;0;7;0;7
3530409;0;0;0;0
3530508;1;29;1;29
3530607;29;188;29;188
3530706;1;1;1;1
3530805;3;8;3;8
3530904;0;0;0;0
3531001;0;1;0;1
3531100;0;46;0;46
3531209;0;3;0;3
3531308;0;17;0;17
3531407;0;1;0;1
3531506;0;30;0;30
3531605;0;0;0;0
3531704;0;1;0;1
3531803;0;7;0;7
3531902;0;2;0;2
3532009;0;5;0;5
3532058;0;0;0;0
3532108;0;0;0;0
3532157;0;0;0;0
3532207;0;0;0;0
3532306;0;0;0;0
3532405;0;6;0;6
3532504;0;0;0;0
3532603;0;4;0;4
3532702;0;0;0;0
3532801;1;0;1;0
3532827;0;21;0;21
3532843;0;0;0;0
3532868;0;0;0;0
3532900;0;0;0;0
3533007;0;2;0;2
3533106;0;0;0;0
3533205;0;0;0;0
3533254;0;0;0;0
3533304;0;0;0;0
3533403;1;6;1;6
3533502;0;5;0;5
3533601;0;0;0;0
3533700;0;0;0;0
3533809;0;0;0;0
3533908;1;7;1;7
3534005;0;0;0;0
3534104;0;1;0;1
3534203;0;0;0;0
3534302;0;0;0;0
3534401;2;30;2;30
3534500;0;0;0;0
3534609;1;3;1;3
3534708;3;9;3;9
3534757;0;3;0;3
3534807;0;1;0;1
3534906;0;0;0;0
3535002;0;0;0;0
3535101;0;1;0;1
3535200;0;0;0;0
3535309;0;1;0;1
3535408;0;12;0;12
3535507;0;4;0;4
3535606;1;2;1;2
3535705;0;0;0;0
3535804;0;31;0;31
3535903;0;0;0;0
3536000;0;0;0;0
3536109;0;2;0;2
3536208;0;1;0;1
3536257;0;0;0;0
3536307;0;0;0;0
3536406;0;0;0;0
3536505;24;70;24;70
3536570;0;1;0;1
3536604;0;0;0;0
3536703;3;21;3;21
3536802;0;0;0;0
3536901;0;1;0;1
3537008;0;0;0;0
3537107;0;0;0;0
3537156;0;6;0;6
3537206;0;12;0;12
3537305;0;6;0;6
3537404;0;2;0;2
3537503;2;0;2;0
3537602;1;30;1;30
3537701;0;0;0;0
3537800;2;20;2;20
3537909;0;1;0;1
3538006;13;78;13;78
3538105;0;7;0;7
3538204;0;4;0;4
3538303;0;0;0;0
3538501;1;3;1;3
3538600;1;16;1;16
3538709;2;9;2;9
3538808;0;10;0;10
3538907;3;2;3;2
3539004;0;0;0;0
3539103;0;0;0;0
3539202;0;6;0;6
3539301;1;12;1;12
3539400;1;14;1;14
3539509;0;11;0;11
3539608;0;0;0;0
3539707;0;0;0;0
3539806;2;10;2;10
3539905;1;0;1;0
3540002;0;0;0;0
3540101;0;2;0;2
3540200;0;0;0;0
3540259;0;0;0;0
3540309;0;0;0;0
3540408;0;0;0;0
3540507;0;8;0;8
3540606;0;3;0;3
3540705;0;3;0;3
3540754;0;7;0;7
3540804;0;1;0;1
3540853;0;0;0;0
3540903;0;0;0;0
3541000;4;16;4;16
3541059;0;1;0;1
3541109;0;0;0;0
3541208;0;4;0;4
3541307;4;22;4;22
3541406;3;8;3;8
3541505;0;17;0;17
3541604;0;11;0;11
3541653;0;0;0;0
3541703;1;7;1;7
3541802;0;0;0;0
3541901;8;3;8;3
3542008;0;0;0;0
3542107;0;0;0;0
3542206;0;0;0;0
3542305;0;0;0;0
3542404;0;5;0;5
3542503;0;0;0;0
3542602;3;42;3;42
3542701;0;0;0;0
3542800;0;0;0;0
3542909;2;6;2;6
3543006;0;6;0;6
3543105;0;0;0;0
3543204;0;0;0;0
3543238;0;0;0;0
3543253;0;2;0;2
3543303;13;39;13;39
3543402;12;25;12;25
3543501;0;1;0;1
3543600;1;0;1;0
3543709;0;0;0;0
3543808;0;1;0;1
3543907;2;25;2;25
3544004;0;5;0;5
3544103;0;104;0;104
3544202;0;1;0;1
3544251;1;23;1;23
3544301;1;5;1;5
3544400;0;0;0;0
3544509;0;0;0;0
3544608;0;0;0;0
3544707;0;0;0;0
3544806;0;3;0;3
3544905;1;1;1;1
3545001;0;0;0;0
3545100;0;1;0;1
3545159;0;0;0;0
3545209;0;39;0;39
3545308;0;1;0;1
3545407;1;0;1;0
3545506;0;0;0;0
3545605;0;15;0;15
3545704;0;0;0;0
3545803;2;12;2;12
3546009;0;0;0;0
3546108;0;0;0;0
3546207;0;0;0;0
3546256;0;0;0;0
3546306;0;0;0;0
3546405;2;3;2;3
3546504;0;1;0;1
3546603;0;4;0;4
3546702;15;2;15;2
3546801;0;34;0;34
3546900;0;0;0;0
3547007;0;0;0;0
3547106;0;0;0;0
3547205;0;0;0;0
3547304;3;6;3;6
3547403;0;0;0;0
3547502;0;0;0;0
3547601;0;0;0;0
3547650;0;0;0;0
3547700;2;7;2;7
3547809;0;3;0;3
3547908;0;0;0;0
3548005;0;5;0;5
3548054;0;0;0;0
3548104;0;1;0;1
3548203;1;0;1;0
3548302;0;1;0;1
3548401;0;0;0;0
3548500;13;29;13;29
3548609;0;2;0;2
3548708;8;21;8;21
3548807;0;0;0;0
3548906;3;6;3;6
3549003;0;0;0;0
3549102;29;20;29;20
3549201;0;0;0;0
3549250;0;0;0;0
3549300;0;0;0;0
3549409;0;1;0;1
3549508;0;1;0;1
3549607;0;1;0;1
3549706;1;2;1;2
3549805;1;33;1;33
3549904;11;16;11;16
3549953;0;4;0;4
3550001;0;0;0;0
3550100;0;13;0;13
3550209;1;14;1;14
3550308;31;444;31;444
3550309;89;259;89;259
3550407;0;9;0;9
3550506;0;0;0;0
3550605;13;48;13;48
3550704;1;16;1;16
3550803;0;0;0;0
3550902;1;4;1;4
3551009;2;2;2;2
3551108;0;1;0;1
3551207;1;2;1;2
3551306;0;0;0;0
3551405;0;0;0;0
3551504;0;1;0;1
3551603;0;0;0;0
3551702;0;30;0;30
3551801;1;1;1;1
3551900;0;0;0;0
3552007;0;0;0;0
3552106;2;7;2;7
3552205;3;31;3;31
3552304;0;0;0;0
3552403;10;16;10;16
3552502;33;202;33;202
3552551;0;0;0;0
3552601;2;10;2;10
3552700;0;0;0;0
3552809;0;3;0;3
3552908;0;0;0;0
3553005;0;0;0;0
3553104;1;0;1;0
3553203;0;4;0;4
3553302;0;2;0;2
3553401;1;18;1;18
3553500;3;6;3;6
3553609;0;2;0;2
3553658;0;0;0;0
3553708;3;7;3;7
3553807;0;0;0;0
3553856;0;0;0;0
3553906;0;4;0;4
3553955;0;1;0;1
3554003;1;9;1;9
3554102;4;12;4;12
3554201;0;13;0;13
3554300;0;1;0;1
3554409;0;4;0;4
3554508;0;1;0;1
3554607;0;0;0;0
3554656;0;0;0;0
3554706;0;1;0;1
3554755;0;0;0;0
3554805;4;32;4;32
3554904;0;0;0;0
3554953;0;1;0;1
3555000;1;0;1;0
3555109;0;4;0;4
3555208;0;0;0;0
3555307;0;0;0;0
3555356;0;0;0;0
3555406;0;10;0;10
3555505;0;1;0;1
3555604;0;6;0;6
3555703;0;0;0;0
3555802;0;2;0;2
3555901;0;0;0;0
3556008;0;0;0;0
3556107;1;0;1;0
3556206;2;0;2;0
3556305;0;5;0;5
3556354;0;0;0;0
3556404;2;7;2;7
3556453;1;9;1;9
3556503;3;1;3;1
3556602;2;1;2;1
3556701;1;27;1;27
3556800;0;2;0;2
3556909;0;1;0;1
3556958;0;2;0;2
3557006;7;4;7;4
3557105;3;18;3;18
3557154;0;0;0;0
3557204;0;0;0;0
3557303;3;2;3;2
4100103;0;11;0;11
4100202;3;0;3;0
4100301;0;1;0;1
4100400;1;49;1;49
4100459;0;0;0;0
4100509;6;9;6;9
4100608;0;3;0;3
4100707;1;1;1;1
4100806;0;0;0;0
4100905;0;9;0;9
4101002;1;10;1;10
4101051;0;1;0;1
4101101;0;3;0;3
4101150;0;0;0;0
4101200;0;6;0;6
4101309;0;0;0;0
4101408;6;64;6;64
4101507;24;57;24;57
4101606;0;53;0;53
4101655;0;0;0;0
4101705;3;6;3;6
4101804;3;25;3;25
4101853;0;0;0;0
4101903;0;10;0;10
4102000;1;9;1;9
4102109;0;15;0;15
4102208;3;3;3;3
4102307;0;2;0;2
4102406;0;3;0;3
4102505;0;18;0;18
4102604;4;39;4;39
4102703;0;0;0;0
4102752;0;0;0;0
4102802;6;6;6;6
4102901;2;3;2;3
4103008;2;2;2;2
4103024;0;0;0;0
4103040;0;5;0;5
4103057;1;10;1;10
4103107;0;5;0;5
4103156;0;0;0;0
4103206;0;5;0;5
4103222;1;0;1;0
4103305;0;0;0;0
4103354;1;6;1;6
4103370;0;0;0;0
4103404;0;0;0;0
4103453;5;7;5;7
4103479;1;2;1;2
4103503;0;0;0;0
4103602;3;7;3;7
4103701;7;12;7;12
4103800;0;0;0;0
4103909;1;42;1;42
4103958;0;25;0;25
4104006;0;0;0;0
4104055;0;30;0;30
4104105;0;0;0;0
4104204;2;159;2;159
4104253;0;8;0;8
4104303;0;36;0;36
4104402;0;13;0;13
4104428;3;34;3;34
4104451;0;17;0;17
4104501;11;10;11;10
4104600;4;7;4;7
4104659;1;3;1;3
4104709;0;3;0;3
4104808;25;73;25;73
4104809;0;0;0;0
4104907;6;15;6;15
4105003;2;9;2;9
4105102;0;8;0;8
4105201;4;5;4;5
4105300;0;0;0;0
4105409;3;46;3;46
4105508;1;18;1;18
4105607;0;5;0;5
4105706;0;10;0;10
4105805;4;22;4;22
4105904;1;5;1;5
4106001;1;22;1;22
4106100;0;0;0;0
4106209;0;10;0;10
4106308;0;21;0;21
4106407;3;4;3;4
4106456;0;0;0;0
4106506;6;22;6;22
4106555;0;0;0;0
4106571;0;3;0;3
4106605;1;66;1;66
4106704;0;0;0;0
4106803;6;2;6;2
4106852;0;3;0;3
4106902;8;22;8;22
4107009;0;11;0;11
4107108;1;0;1;0
4107124;0;21;0;21
4107157;1;0;1;0
4107207;1;19;1;19
4107256;0;1;0;1
4107306;0;0;0;0
4107405;0;0;0;0
4107504;0;1;0;1
4107520;0;0;0;0
4107538;0;1;0;1
4107546;0;4;0;4
4107553;0;1;0;1
4107603;0;16;0;16
4107652;2;37;2;37
4107702;0;1;0;1
4107736;0;0;0;0
4107751;1;3;1;3
4107801;0;1;0;1
4107850;0;0;0;0
4107900;0;7;0;7
4108007;0;0;0;0
4108106;0;5;0;5
4108205;0;5;0;5
4108304;60;49;60;49
4108320;0;1;0;1
4108403;6;40;6;40
4108452;0;3;0;3
4108502;1;12;1;12
4108551;0;0;0;0
4108601;0;13;0;13
4108650;0;23;0;23
4108700;0;1;0;1
4108809;7;37;7;37
4108908;0;1;0;1
4108957;0;0;0;0
4109005;0;0;0;0
4109104;0;0;0;0
4109203;3;2;3;2
4109302;0;6;0;6
4109401;9;98;9;98
4109402;0;11;0;11
4109500;0;1;0;1
4109609;0;6;0;6
4109658;0;5;0;5
4109708;6;22;6;22
4109757;0;5;0;5
4109807;1;23;1;23
4109906;0;0;0;0
4110003;0;0;0;0
4110052;0;2;0;2
4110078;6;15;6;15
4110102;0;5;0;5
4110201;0;2;0;2
4110300;2;0;2;0
4110409;0;0;0;0
4110508;2;10;2;10
4110607;5;7;5;7
4110656;1;0;1;0
4110706;5;65;5;65
4110805;0;8;0;8
4110904;0;0;0;0
4110953;0;0;0;0
4111001;0;2;0;2
4111100;0;0;0;0
4111209;0;5;0;5
4111258;0;17;0;17
4111308;0;0;0;0
4111407;6;9;6;9
4111506;5;16;5;16
4111555;1;0;1;0
4111605;0;0;0;0
4111704;0;1;0;1
4111803;8;24;8;24
4111902;0;7;0;7
4112009;0;4;0;4
4112108;0;2;0;2
4112207;0;1;0;1
4112306;0;0;0;0
4112405;1;0;1;0
4112504;0;4;0;4
4112603;0;0;0;0
4112702;0;9;0;9
4112751;1;8;1;8
4112801;1;3;1;3
4112900;0;1;0;1
4112959;0;0;0;0
4113007;0;0;0;0
4113106;0;0;0;0
4113205;1;4;1;4
4113254;0;4;0;4
4113304;0;16;0;16
4113403;0;0;0;0
4113429;0;2;0;2
4113452;3;0;3;0
4113502;0;1;0;1
4113601;0;0;0;0
4113700;49;121;49;121
4113734;0;0;0;0
4113759;0;8;0;8
4113809;0;0;0;0
4113908;0;4;0;4
4114005;0;0;0;0
4114104;0;20;0;20
4114203;3;45;3;45
4114302;0;3;0;3
4114351;0;1;0;1
4114401;0;1;0;1
4114500;0;7;0;7
4114609;0;1;0;1
4114610;0;0;0;0
4114708;0;0;0;0
4114807;1;30;1;30
4114906;0;9;0;9
4115002;0;0;0;0
4115101;2;25;2;25
4115200;9;26;9;26
4115309;1;22;1;22
4115358;0;0;0;0
4115408;1;12;1;12
4115457;0;0;0;0
4115507;0;0;0;0
4115606;0;0;0;0
4115705;0;11;0;11
4115739;0;0;0;0
4115754;0;2;0;2
4115804;0;26;0;26
4115853;0;0;0;0
4115903;0;0;0;0
4116000;0;0;0;0
4116059;0;3;0;3
4116109;1;3;1;3
4116208;0;1;0;1
4116307;0;0;0;0
4116406;0;0;0;0
4116505;0;0;0;0
4116604;0;0;0;0
4116703;1;8;1;8
4116802;1;4;1;4
4116901;0;64;0;64
4116950;0;1;0;1
4117008;4;0;4;0
4117057;0;17;0;17
4117107;5;9;5;9
4117206;0;0;0;0
4117214;0;0;0;0
4117222;0;2;0;2
4117255;1;1;1;1
4117271;0;1;0;1
4117297;0;0;0;0
4117305;0;24;0;24
4117404;0;0;0;0
4117453;0;1;0;1
4117503;0;12;0;12
4117602;0;73;0;73
4117701;7;7;7;7
4117800;1;7;1;7
4117909;3;27;3;27
4118006;0;1;0;1
4118105;0;1;0;1
4118204;8;51;8;51
4118303;0;0;0;0
4118402;12;32;12;32
4118451;0;0;0;0
4118501;3;12;3;12
4118600;24;13;24;13
4118709;0;6;0;6
4118808;0;35;0;35
4118857;0;0;0;0
4118907;0;0;0;0
4119004;0;1;0;1
4119103;2;4;2;4
4119152;1;1;1;1
4119202;0;0;0;0
4119251;1;1;1;1
4119301;1;14;1;14
4119400;0;4;0;4
4119509;2;40;2;40
4119608;0;65;0;65
4119657;0;0;0;0
4119707;1;1;1;1
4119806;0;2;0;2
4119905;15;87;15;87
4119954;1;17;1;17
4120002;0;0;0;0
4120101;1;0;1;0
4120150;0;2;0;2
4120200;0;0;0;0
4120309;0;2;0;2
4120333;0;0;0;0
4120358;0;1;0;1
4120408;0;0;0;0
4120507;2;6;2;6
4120606;1;21;1;21
4120655;0;0;0;0
4120705;0;0;0;0
4120804;2;2;2;2
4120853;0;0;0;0
4120903;5;27;5;27
4121000;0;5;0;5
4121109;0;2;0;2
4121208;0;1;0;1
4121257;0;3;0;3
4121307;0;3;0;3
4121356;0;0;0;0
4121406;4;40;4;40
4121505;1;7;1;7
4121604;0;5;0;5
4121703;4;1;4;1
4121752;1;2;1;2
4121802;0;0;0;0
4121901;2;13;2;13
4122008;0;3;0;3
4122107;0;0;0;0
4122156;0;15;0;15
4122172;0;0;0;0
4122206;2;19;2;19
4122305;0;2;0;2
4122404;5;24;5;24
4122503;3;3;3;3
4122602;0;0;0;0
4122651;0;2;0;2
4122701;0;33;0;33
4122800;0;5;0;5
4122909;0;2;0;2
4123006;0;3;0;3
4123105;0;0;0;0
4123204;0;0;0;0
4123303;2;3;2;3
4123402;1;46;1;46
4123501;0;0;0;0
4123600;0;0;0;0
4123709;0;0;0;0
4123808;0;4;0;4
4123824;0;7;0;7
4123857;0;2;0;2
4123907;1;0;1;0
4123956;0;0;0;0
4124004;0;5;0;5
4124020;0;4;0;4
4124053;2;5;2;5
4124103;1;63;1;63
4124202;0;0;0;0
4124301;0;0;0;0
4124400;0;13;0;13
4124509;0;1;0;1
4124608;0;0;0;0
4124707;0;2;0;2
4124806;0;24;0;24
4124905;0;1;0;1
4125001;0;0;0;0
4125100;4;11;4;11
4125209;0;4;0;4
4125308;1;0;1;0
4125357;0;0;0;0
4125407;0;1;0;1
4125456;0;0;0;0
4125506;4;69;4;69
4125555;0;0;0;0
4125605;3;90;3;90
4125704;0;0;0;0
4125753;0;2;0;2
4125803;0;0;0;0
4125902;0;0;0;0
4126009;0;18;0;18
4126108;0;0;0;0
4126207;0;2;0;2
4126256;1;15;1;15
4126272;0;2;0;2
4126306;0;41;0;41
4126355;0;8;0;8
4126405;0;0;0;0
4126504;0;1;0;1
4126603;0;5;0;5
4126652;0;0;0;0
4126678;0;1;0;1
4126702;0;3;0;3
4126801;0;1;0;1
4126900;0;8;0;8
4127007;0;6;0;6
4127106;0;1;0;1
4127205;0;4;0;4
4127304;1;1;1;1
4127403;10;15;10;15
4127502;0;1;0;1
4127601;0;0;0;0
4127700;13;65;13;65
4127809;0;2;0;2
4127858;0;18;0;18
4127882;1;1;1;1
4127908;0;0;0;0
4127957;2;0;2;0
4127965;1;2;1;2
4128005;2;1;2;1
4128104;16;17;16;17
4128203;21;90;21;90
4128302;0;9;0;9
4128401;2;5;2;5
4128500;3;17;3;17
4128534;0;14;0;14
4128559;0;2;0;2
4128609;1;0;1;0
4128625;0;0;0;0
4128633;0;0;0;0
4128658;0;0;0;0
4128708;8;11;8;11
4128807;0;0;0;0
4200051;0;0;0;0
4200101;3;40;3;40
4200200;0;1;0;1
4200309;0;1;0;1
4200408;0;0;0;0
4200507;1;0;1;0
4200556;0;2;0;2
4200606;0;1;0;1
4200705;2;1;2;1
4200754;0;0;0;0
4200804;0;0;0;0
4200903;1;0;1;0
4201000;2;0;2;0
4201109;0;0;0;0
4201208;0;0;0;0
4201257;0;2;0;2
4201273;0;1;0;1
4201307;2;45;2;45
4201406;0;7;0;7
4201505;1;5;1;5
4201604;0;0;0;0
4201653;0;0;0;0
4201703;0;1;0;1
4201802;0;0;0;0
4201901;1;3;1;3
4201950;0;1;0;1
4202008;0;0;0;0
4202057;1;3;1;3
4202073;0;0;0;0
4202081;0;12;0;12
4202099;0;0;0;0
4202107;0;7;0;7
4202131;0;26;0;26
4202156;0;2;0;2
4202206;3;0;3;0
4202305;12;12;12;12
4202404;12;13;12;13
4202438;0;1;0;1
4202453;0;0;0;0
4202503;3;3;3;3
4202537;0;0;0;0
4202578;0;0;0;0
4202602;3;8;3;8
4202701;0;0;0;0
4202800;0;51;0;51
4202859;0;0;0;0
4202875;0;0;0;0
4202909;4;22;4;22
4203006;7;65;7;65
4203105;11;15;11;15
4203154;0;0;0;0
4203204;1;0;1;0
4203253;1;2;1;2
4203303;2;0;2;0
4203402;0;0;0;0
4203501;2;16;2;16
4203600;0;4;0;4
4203709;0;4;0;4
4203808;1;101;1;101
4203907;0;0;0;0
4203956;0;0;0;0
4204004;0;4;0;4
4204103;0;0;0;0
4204152;0;0;0;0
4204178;0;0;0;0
4204194;2;2;2;2
4204202;27;35;27;35
4204251;1;0;1;0
4204301;4;16;4;16
4204350;0;17;0;17
4204400;5;10;5;10
4204459;1;0;1;0
4204509;0;0;0;0
4204558;3;6;3;6
4204608;2;10;2;10
4204707;1;21;1;21
4204756;1;3;1;3
4204806;0;75;0;75
4204905;3;13;3;13
4205001;7;14;7;14
4205100;1;1;1;1
4205159;1;0;1;0
4205175;0;12;0;12
4205191;0;1;0;1
4205209;0;0;0;0
4205308;0;8;0;8
4205357;0;0;0;0
4205407;21;24;21;24
4205408;0;0;0;0
4205431;0;0;0;0
4205456;3;3;3;3
4205506;0;6;0;6
4205555;0;8;0;8
4205605;1;18;1;18
4205704;0;14;0;14
4205803;0;0;0;0
4205902;2;5;2;5
4206009;1;2;1;2
4206108;0;3;0;3
4206207;1;0;1;0
4206306;1;3;1;3
4206405;0;2;0;2
4206504;0;0;0;0
4206603;2;1;2;1
4206652;1;9;1;9
4206702;0;0;0;0
4206751;0;0;0;0
4206801;0;0;0;0
4206900;5;3;5;3
4207007;0;54;0;54
4207106;0;1;0;1
4207205;1;32;1;32
4207304;6;27;6;27
4207403;3;4;3;4
4207502;2;18;2;18
4207577;0;0;0;0
4207601;0;0;0;0
4207650;0;0;0;0
4207684;0;8;0;8
4207700;0;0;0;0
4207759;0;9;0;9
4207809;2;3;2;3
4207858;0;0;0;0
4207908;0;1;0;1
4208005;0;8;0;8
4208104;2;54;2;54
4208203;2;3;2;3
4208302;2;9;2;9
4208401;1;0;1;0
4208450;0;8;0;8
4208500;0;44;0;44
4208609;0;1;0;1
4208708;0;0;0;0
4208807;0;6;0;6
4208906;2;4;2;4
4208955;0;0;0;0
4209003;1;2;1;2
4209102;2;14;2;14
4209151;0;0;0;0
4209177;1;4;1;4
4209201;0;0;0;0
4209300;9;33;9;33
4209409;2;71;2;71
4209458;1;1;1;1
4209508;2;4;2;4
4209607;0;1;0;1
4209706;1;2;1;2
4209805;0;1;0;1
4209854;0;0;0;0
4209904;1;4;1;4
4210001;1;2;1;2
4210035;0;0;0;0
4210050;0;0;0;0
4210100;3;73;3;73
4210209;0;1;0;1
4210308;0;15;0;15
4210407;0;0;0;0
4210506;5;12;5;12
4210555;0;0;0;0
4210605;1;0;1;0
4210704;0;0;0;0
4210803;0;0;0;0
4210852;0;0;0;0
4210902;0;0;0;0
4211009;3;6;3;6
4211058;0;2;0;2
4211108;0;16;0;16
4211207;0;24;0;24
4211256;0;0;0;0
4211306;0;0;0;0
4211405;0;0;0;0
4211454;0;0;0;0
4211504;3;20;3;20
4211603;0;2;0;2
4211652;6;30;6;30
4211702;6;14;6;14
4211751;1;5;1;5
4211801;0;0;0;0
4211850;0;2;0;2
4211876;0;0;0;0
4211892;2;0;2;0
4211900;4;37;4;37
4212007;2;0;2;0
4212056;0;1;0;1
4212106;1;35;1;35
4212205;1;83;1;83
4212239;1;18;1;18
4212254;0;0;0;0
4212270;0;0;0;0
4212304;0;10;0;10
4212403;1;5;1;5
4212502;0;0;0;0
4212601;0;0;0;0
4212700;1;4;1;4
4212809;0;0;0;0
4212908;1;2;1;2
4213005;0;0;0;0
4213104;0;4;0;4
4213153;0;0;0;0
4213203;5;3;5;3
4213302;0;0;0;0
4213351;0;1;0;1
4213401;0;3;0;3
4213500;3;11;3;11
4213609;3;15;3;15
4213708;0;7;0;7
4213807;0;0;0;0
4213906;0;0;0;0
4214003;0;1;0;1
4214102;0;0;0;0
4214151;0;0;0;0
4214201;27;7;27;7
4214300;1;1;1;1
4214409;1;1;1;1
4214508;0;0;0;0
4214607;0;0;0;0
4214706;0;2;0;2
4214805;3;13;3;13
4214904;0;0;0;0
4215000;0;6;0;6
4215059;0;0;0;0
4215075;1;1;1;1
4215109;13;5;13;5
4215208;2;15;2;15
4215307;3;3;3;3
4215356;0;2;0;2
4215406;0;0;0;0
4215455;3;34;3;34
4215505;0;19;0;19
4215554;0;3;0;3
4215604;0;0;0;0
4215653;0;0;0;0
4215679;5;8;5;8
4215687;1;0;1;0
4215695;0;0;0;0
4215703;2;4;2;4
4215752;1;10;1;10
4215802;0;0;0;0
4215901;0;0;0;0
4216008;2;2;2;2
4216057;0;2;0;2
4216107;1;14;1;14
4216206;0;2;0;2
4216255;0;3;0;3
4216305;2;10;2;10
4216354;0;1;0;1
4216404;1;0;1;0
4216503;1;7;1;7
4216602;11;21;11;21
4216701;0;1;0;1
4216800;3;2;3;2
4216909;10;81;10;81
4217006;0;12;0;12
4217105;0;0;0;0
4217154;0;0;0;0
4217204;6;8;6;8
4217253;1;3;1;3
4217303;0;3;0;3
4217402;0;0;0;0
4217501;2;0;2;0
4217550;1;9;1;9
4217600;1;3;1;3
4217709;0;9;0;9
4217758;1;0;1;0
4217808;0;0;0;0
4217907;0;16;0;16
4217956;0;0;0;0
4218004;0;0;0;0
4218103;0;0;0;0
4218202;5;4;5;4
4218251;0;7;0;7
4218301;3;10;3;10
4218350;1;0;1;0
4218400;1;14;1;14
4218509;0;0;0;0
4218608;0;0;0;0
4218707;1;7;1;7
4218756;0;0;0;0
4218806;0;0;0;0
4218855;1;0;1;0
4218905;0;4;0;4
4218954;0;1;0;1
4219002;0;0;0;0
4219101;0;1;0;1
4219150;0;0;0;0
4219176;6;5;6;5
4219200;0;0;0;0
4219309;0;7;0;7
4219358;3;0;3;0
4219408;0;0;0;0
4219507;3;43;3;43
4219606;0;0;0;0
4219705;0;5;0;5
4219853;0;1;0;1
4300034;0;0;0;0
4300059;0;3;0;3
4300109;0;5;0;5
4300208;0;1;0;1
4300307;0;0;0;0
4300406;1;19;1;19
4300455;0;0;0;0
4300471;1;0;1;0
4300505;11;3;11;3
4300554;1;1;1;1
4300570;0;0;0;0
4300604;6;72;6;72
4300638;1;0;1;0
4300646;38;4;38;4
4300661;0;0;0;0
4300703;0;0;0;0
4300802;0;0;0;0
4300851;0;0;0;0
4300877;0;0;0;0
4300901;5;0;5;0
4301008;1;2;1;2
4301057;0;2;0;2
4301073;1;10;1;10
4301107;1;3;1;3
4301206;14;1;14;1
4301305;0;0;0;0
4301404;2;14;2;14
4301503;0;0;0;0
4301552;0;0;0;0
4301602;3;21;3;21
4301636;0;2;0;2
4301651;0;2;0;2
4301701;0;4;0;4
4301750;1;0;1;0
4301800;0;1;0;1
4301859;0;1;0;1
4301875;1;0;1;0
4301909;0;0;0;0
4301925;0;0;0;0
4301958;0;0;0;0
4302006;5;8;5;8
4302055;0;0;0;0
4302105;4;13;4;13
4302154;0;0;0;0
4302204;0;1;0;1
4302220;0;0;0;0
4302238;0;0;0;0
4302253;1;0;1;0
4302303;0;12;0;12
4302352;4;1;4;1
4302378;0;0;0;0
4302402;0;0;0;0
4302451;0;1;0;1
4302501;0;0;0;0
4302584;0;1;0;1
4302600;0;5;0;5
4302659;2;5;2;5
4302709;1;1;1;1
4302808;6;20;6;20
4302907;0;37;0;37
4303004;2;60;2;60
4303103;2;50;2;50
4303202;0;0;0;0
4303301;0;0;0;0
4303400;0;3;0;3
4303509;2;52;2;52
4303558;0;0;0;0
4303608;0;1;0;1
4303673;0;1;0;1
4303707;0;0;0;0
4303806;1;0;1;0
4303905;3;1;3;1
4304002;2;1;2;1
4304101;5;2;5;2
4304200;3;26;3;26
4304309;0;0;0;0
4304358;0;0;0;0
4304408;1;13;1;13
4304507;8;41;8;41
4304606;5;311;5;311
4304614;3;0;3;0
4304622;0;4;0;4
4304630;0;10;0;10
4304655;0;0;0;0
4304663;0;15;0;15
4304671;0;0;0;0
4304689;2;1;2;1
4304697;1;0;1;0
4304705;1;13;1;13
4304713;0;0;0;0
4304804;0;2;0;2
4304853;0;0;0;0
4304903;8;1;8;1
4304952;0;0;0;0
4305009;0;6;0;6
4305108;2;12;2;12
4305109;0;7;0;7
4305116;0;0;0;0
4305124;3;41;3;41
4305132;0;0;0;0
4305157;0;0;0;0
4305173;1;6;1;6
4305207;3;5;3;5
4305306;5;3;5;3
4305355;0;3;0;3
4305371;0;0;0;0
4305405;0;1;0;1
4305439;0;10;0;10
4305447;2;0;2;0
4305454;0;2;0;2
4305504;0;5;0;5
4305587;0;1;0;1
4305603;1;0;1;0
4305702;0;1;0;1
4305801;0;4;0;4
4305835;0;0;0;0
4305850;0;1;0;1
4305871;0;0;0;0
4305900;12;37;12;37
4305934;0;0;0;0
4305959;0;1;0;1
4305975;0;0;0;0
4306007;0;6;0;6
4306056;0;0;0;0
4306072;2;2;2;2
4306106;1;44;1;44
4306130;0;0;0;0
4306205;1;7;1;7
4306304;0;4;0;4
4306320;0;0;0;0
4306353;0;1;0;1
4306379;0;0;0;0
4306403;1;1;1;1
4306429;0;1;0;1
4306452;0;0;0;0
4306502;0;1;0;1
4306551;0;1;0;1
4306601;3;6;3;6
4306700;0;0;0;0
4306734;1;1;1;1
4306759;2;0;2;0
4306767;4;6;4;6
4306809;1;4;1;4
4306908;0;14;0;14
4306924;0;0;0;0
4306932;0;9;0;9
4306957;0;2;0;2
4306973;3;1;3;1
4307005;3;15;3;15
4307054;0;1;0;1
4307104;1;7;1;7
4307203;0;2;0;2
4307302;2;9;2;9
4307401;1;0;1;0
4307450;0;1;0;1
4307500;0;1;0;1
4307501;1;0;1;0
4307559;1;3;1;3
4307609;3;13;3;13
4307708;2;3;2;3
4307807;0;2;0;2
4307815;0;5;0;5
4307831;0;0;0;0
4307864;0;0;0;0
4307906;0;8;0;8
4308003;0;2;0;2
4308052;0;0;0;0
4308078;1;0;1;0
4308102;1;5;1;5
4308201;1;2;1;2
4308250;0;0;0;0
4308300;3;30;3;30
4308409;0;0;0;0
4308433;0;0;0;0
4308458;2;2;2;2
4308508;4;23;4;23
4308607;0;28;0;28
4308656;0;0;0;0
4308706;0;17;0;17
4308805;0;9;0;9
4308854;0;0;0;0
4308904;4;2;4;2
4309001;0;30;0;30
4309050;0;0;0;0
4309100;1;1;1;1
4309126;0;0;0;0
4309159;0;0;0;0
4309209;3;28;3;28
4309258;0;1;0;1
4309308;3;28;3;28
4309407;0;0;0;0
4309506;0;0;0;0
4309555;0;1;0;1
4309571;0;1;0;1
4309605;1;1;1;1
4309654;1;12;1;12
4309704;0;3;0;3
4309753;0;0;0;0
4309803;0;9;0;9
4309902;0;0;0;0
4309951;1;1;1;1
4310009;1;2;1;2
4310108;0;1;0;1
4310207;3;59;3;59
4310306;0;0;0;0
4310330;0;0;0;0
4310363;0;0;0;0
4310405;0;31;0;31
4310413;0;0;0;0
4310439;2;0;2;0
4310462;0;0;0;0
4310504;1;9;1;9
4310538;0;1;0;1
4310553;0;0;0;0
4310579;0;3;0;3
4310603;7;40;7;40
4310652;1;0;1;0
4310702;0;2;0;2
4310751;0;0;0;0
4310801;0;0;0;0
4310850;0;2;0;2
4310876;0;0;0;0
4310900;3;18;3;18
4311007;0;16;0;16
4311106;2;29;2;29
4311122;0;1;0;1
4311130;0;0;0;0
4311155;0;0;0;0
4311205;12;14;12;14
4311239;0;0;0;0
4311254;0;15;0;15
4311270;0;1;0;1
4311304;1;41;1;41
4311403;1;18;1;18
4311429;1;0;1;0
4311502;1;4;1;4
4311601;0;0;0;0
4311627;2;0;2;0
4311643;0;0;0;0
4311700;0;3;0;3
4311718;1;6;1;6
4311734;0;0;0;0
4311759;0;9;0;9
4311775;0;0;0;0
4311791;1;0;1;0
4311809;0;1;0;1
4311908;0;2;0;2
4311981;0;0;0;0
4312005;0;0;0;0
4312054;1;0;1;0
4312104;0;7;0;7
4312138;0;0;0;0
4312153;0;0;0;0
4312179;0;0;0;0
4312203;6;4;6;4
4312252;0;0;0;0
4312302;0;4;0;4
4312351;0;0;0;0
4312377;0;0;0;0
4312378;0;0;0;0
4312385;0;0;0;0
4312401;2;10;2;10
4312427;0;0;0;0
4312443;0;1;0;1
4312450;0;0;0;0
4312476;0;2;0;2
4312500;0;24;0;24
4312609;0;0;0;0
4312617;1;0;1;0
4312618;0;0;0;0
4312625;0;0;0;0
4312658;0;0;0;0
4312674;0;0;0;0
4312708;1;2;1;2
4312757;0;0;0;0
4312807;0;0;0;0
4312906;4;0;4;0
4312955;0;0;0;0
4313003;0;0;0;0
4313011;0;0;0;0
4313037;0;0;0;0
4313060;0;0;0;0
4313086;0;0;0;0
4313102;0;0;0;0
4313201;2;3;2;3
4313300;0;2;0;2
4313334;0;1;0;1
4313359;0;3;0;3
4313375;6;4;6;4
4313391;0;0;0;0
4313409;5;19;5;19
4313425;0;0;0;0
4313441;0;1;0;1
4313466;0;0;0;0
4313490;0;0;0;0
4313508;0;2;0;2
4313607;0;0;0;0
4313656;0;10;0;10
4313706;4;53;4;53
4313707;0;0;0;0
4313805;0;28;0;28
4313904;17;14;17;14
4313953;3;3;3;3
4314001;0;1;0;1
4314027;0;2;0;2
4314035;0;0;0;0
4314050;7;27;7;27
4314068;2;4;2;4
4314076;1;0;1;0
4314100;9;56;9;56
4314134;0;0;0;0
4314159;0;2;0;2
4314175;0;0;0;0
4314209;0;9;0;9
4314308;0;0;0;0
4314407;3;53;3;53
4314408;0;0;0;0
4314423;1;3;1;3
4314456;0;0;0;0
4314464;0;0;0;0
4314472;1;2;1;2
4314498;0;5;0;5
4314506;0;1;0;1
4314555;0;0;0;0
4314605;1;6;1;6
4314704;10;7;10;7
4314753;0;0;0;0
4314779;0;0;0;0
4314787;0;0;0;0
4314803;0;1;0;1
4314902;19;173;19;173
4315008;0;1;0;1
4315057;0;0;0;0
4315073;0;0;0;0
4315107;0;1;0;1
4315131;0;2;0;2
4315149;0;0;0;0
4315156;0;4;0;4
4315172;0;0;0;0
4315206;0;0;0;0
4315305;0;6;0;6
4315313;0;0;0;0
4315321;0;0;0;0
4315354;0;0;0;0
4315404;3;5;3;5
4315453;0;0;0;0
4315503;0;2;0;2
4315552;0;4;0;4
4315602;3;52;3;52
4315701;2;18;2;18
4315750;0;0;0;0
4315800;0;1;0;1
4315909;1;0;1;0
4315958;0;0;0;0
4316006;2;26;2;26
4316105;0;12;0;12
4316204;0;0;0;0
4316303;0;0;0;0
4316402;3;48;3;48
4316428;0;0;0;0
4316436;0;0;0;0
4316451;1;21;1;21
4316477;0;0;0;0
4316501;0;1;0;1
4316600;1;3;1;3
4316709;1;1;1;1
4316733;0;1;0;1
4316758;0;0;0;0
4316808;1;42;1;42
4316907;20;192;20;192
4316908;0;0;0;0
4316956;0;16;0;16
4316972;0;0;0;0
4317004;0;0;0;0
4317103;2;30;2;30
4317202;4;43;4;43
4317251;0;0;0;0
4317301;1;17;1;17
4317400;1;13;1;13
4317509;0;98;0;98
4317510;0;0;0;0
4317558;0;0;0;0
4317608;0;27;0;27
4317707;0;25;0;25
4317756;0;0;0;0
4317806;3;8;3;8
4317905;5;0;5;0
4317954;1;0;1;0
4318002;4;43;4;43
4318051;0;0;0;0
4318101;1;32;1;32
4318200;0;4;0;4
4318309;1;39;1;39
4318408;0;11;0;11
4318424;1;3;1;3
4318432;0;0;0;0
4318440;0;0;0;0
4318457;2;1;2;1
4318465;0;2;0;2
4318481;1;0;1;0
4318499;0;0;0;0
4318507;0;21;0;21
4318606;1;7;1;7
4318614;0;2;0;2
4318622;7;19;7;19
4318705;7;42;7;42
4318804;2;49;2;49
4318903;1;22;1;22
4319000;0;0;0;0
4319109;1;0;1;0
4319125;0;0;0;0
4319158;0;13;0;13
4319208;9;3;9;3
4319307;0;0;0;0
4319356;0;0;0;0
4319364;0;0;0;0
4319372;0;0;0;0
4319406;3;29;3;29
4319505;3;5;3;5
4319604;0;21;0;21
4319703;0;5;0;5
4319711;0;0;0;0
4319737;0;0;0;0
4319752;0;0;0;0
4319802;0;8;0;8
4319901;5;16;5;16
4320008;9;47;9;47
4320107;6;3;6;3
4320206;2;14;2;14
4320230;1;1;1;1
4320263;2;3;2;3
4320305;0;2;0;2
4320321;0;1;0;1
4320354;1;1;1;1
4320404;2;4;2;4
4320453;2;1;2;1
4320503;2;28;2;28
4320552;0;4;0;4
4320578;0;0;0;0
4320602;0;7;0;7
4320651;0;0;0;0
4320677;0;0;0;0
4320701;1;3;1;3
4320800;10;50;10;50
4320859;0;1;0;1
4320909;1;7;1;7
4321006;0;4;0;4
4321105;1;5;1;5
4321204;9;27;9;27
4321303;0;6;0;6
4321329;0;0;0;0
4321352;0;20;0;20
4321402;0;26;0;26
4321436;0;4;0;4
4321451;1;0;1;0
4321469;0;9;0;9
4321477;0;4;0;4
4321493;0;0;0;0
4321501;1;7;1;7
4321600;3;11;3;11
4321626;0;1;0;1
4321634;0;0;0;0
4321667;0;23;0;23
4321709;1;4;1;4
4321808;2;16;2;16
4321832;0;0;0;0
4321857;0;1;0;1
4321907;8;30;8;30
4321956;0;3;0;3
4322004;2;9;2;9
4322103;0;3;0;3
4322152;0;19;0;19
4322186;0;0;0;0
4322202;2;39;2;39
4322251;1;0;1;0
4322301;3;3;3;3
4322327;0;0;0;0
4322343;0;0;0;0
4322350;0;0;0;0
4322376;0;4;0;4
4322400;2;58;2;58
4322509;3;10;3;10
4322525;0;2;0;2
4322533;0;0;0;0
4322541;0;3;0;3
4322558;0;0;0;0
4322608;13;12;13;12
4322707;0;4;0;4
4322806;1;0;1;0
4322855;0;0;0;0
4322905;0;0;0;0
4323002;12;42;12;42
4323101;0;9;0;9
4323200;0;1;0;1
4323309;2;0;2;0
4323358;0;0;0;0
4323408;0;0;0;0
4323457;0;2;0;2
4323507;0;1;0;1
4323606;0;0;0;0
4323705;0;0;0;0
4323754;0;0;0;0
4323770;0;0;0;0
4323804;0;4;0;4
5000203;0;6;0;6
5000252;0;6;0;6
5000609;2;13;2;13
5000708;0;30;0;30
5000807;0;0;0;0
5000856;0;2;0;2
5000906;1;15;1;15
5001003;0;6;0;6
5001102;0;102;0;102
5001243;0;13;0;13
5001508;0;5;0;5
5001904;0;10;0;10
5002001;1;4;1;4
5002100;0;7;0;7
5002159;0;0;0;0
5002209;0;2;0;2
5002308;0;10;0;10
5002407;0;11;0;11
5002605;0;14;0;14
5002704;32;150;32;150
5002705;0;28;0;28
5002803;0;1;0;1
5002902;0;11;0;11
5002951;0;0;0;0
5003108;0;0;0;0
5003157;3;42;3;42
5003207;5;70;5;70
5003256;5;0;5;0
5003306;0;71;0;71
5003454;0;28;0;28
5003488;0;7;0;7
5003504;0;4;0;4
5003702;10;199;10;199
5003703;0;0;0;0
5003751;0;11;0;11
5003801;3;52;3;52
5003900;0;0;0;0
5004007;0;4;0;4
5004106;1;30;1;30
5004304;0;12;0;12
5004403;0;1;0;1
5004502;5;39;5;39
5004601;1;9;1;9
5004700;1;82;1;82
5004809;0;5;0;5
5004908;0;2;0;2
5005004;0;51;0;51
5005103;0;0;0;0
5005152;0;14;0;14
5005202;0;26;0;26
5005251;0;1;0;1
5005400;2;32;2;32
5005608;1;17;1;17
5005681;2;5;2;5
5005707;3;5;3;5
5005806;0;45;0;45
5006002;0;5;0;5
5006200;0;13;0;13
5006259;0;5;0;5
5006309;1;135;1;135
5006358;0;2;0;2
5006408;0;6;0;6
5006606;19;299;19;299
5006903;0;4;0;4
5007109;0;6;0;6
5007208;3;57;3;57
5007307;0;7;0;7
5007406;1;31;1;31
5007505;0;4;0;4
5007554;0;5;0;5
5007695;0;4;0;4
5007703;6;134;6;134
5007802;0;13;0;13
5007901;2;22;2;22
5007935;0;2;0;2
5007950;0;5;0;5
5007976;0;0;0;0
5008008;2;5;2;5
5008305;1;107;1;107
5008404;0;23;0;23
5100102;0;0;0;0
5100201;2;29;2;29
5100250;8;117;8;117
5100300;5;32;5;32
5100359;0;26;0;26
5100409;1;7;1;7
5100508;0;38;0;38
5100607;0;1;0;1
5100805;0;12;0;12
5101001;0;1;0;1
5101209;0;0;0;0
5101258;0;0;0;0
5101308;1;108;1;108
5101407;0;3;0;3
5101605;0;47;0;47
5101704;2;79;2;79
5101803;9;160;9;160
5101852;0;11;0;11
5101902;1;3;1;3
5102504;11;434;11;434
5102603;3;61;3;61
5102637;1;2;1;2
5102678;0;25;0;25
5102686;0;0;0;0
5102694;0;28;0;28
5102702;0;42;0;42
5102793;0;35;0;35
5102850;0;4;0;4
5103007;0;72;0;72
5103056;0;9;0;9
5103106;0;15;0;15
5103205;3;74;3;74
5103254;0;234;0;234
5103304;1;32;1;32
5103353;0;89;0;89
5103361;0;1;0;1
5103379;0;11;0;11
5103403;34;583;34;583
5103437;0;57;0;57
5103452;0;9;0;9
5103502;19;29;19;29
5103601;0;7;0;7
5103700;0;38;0;38
5103809;2;1;2;1
5103858;0;0;0;0
5103908;0;4;0;4
5103957;0;20;0;20
5104104;2;264;2;264
5104203;0;17;0;17
5104500;0;0;0;0
5104526;0;0;0;0
5104542;0;4;0;4
5104559;1;1;1;1
5104609;0;3;0;3
5104807;1;24;1;24
5104906;0;6;0;6
5105002;0;2;0;2
5105101;1;74;1;74
5105150;3;165;3;165
5105176;0;18;0;18
5105200;0;8;0;8
5105234;0;5;0;5
5105259;8;3;8;3
5105309;0;1;0;1
5105507;0;62;0;62
5105580;3;4;3;4
5105606;0;3;0;3
5105622;1;52;1;52
5105903;0;26;0;26
5106000;0;6;0;6
5106109;1;19;1;19
5106158;0;11;0;11
5106174;0;10;0;10
5106182;0;0;0;0
5106190;0;14;0;14
5106208;0;0;0;0
5106216;0;24;0;24
5106224;1;37;1;37
5106232;0;8;0;8
5106240;0;40;0;40
5106257;3;76;3;76
5106265;0;30;0;30
5106273;0;1;0;1
5106281;1;10;1;10
5106299;0;57;0;57
5106307;1;84;1;84
5106315;5;19;5;19
5106372;0;0;0;0
5106422;3;23;3;23
5106455;0;0;0;0
5106505;0;161;0;161
5106653;0;2;0;2
5106703;0;0;0;0
5106752;6;93;6;93
5106778;2;65;2;65
5106802;0;0;0;0
5106828;0;1;0;1
5106851;0;0;0;0
5107008;1;16;1;16
5107040;3;67;3;67
5107065;0;71;0;71
5107107;0;42;0;42
5107156;0;1;0;1
5107180;0;22;0;22
5107198;0;1;0;1
5107206;0;19;0;19
5107248;0;0;0;0
5107263;0;7;0;7
5107297;2;1;2;1
5107305;0;0;0;0
5107354;0;1;0;1
5107404;0;10;0;10
5107578;0;29;0;29
5107602;5;97;5;97
5107701;0;22;0;22
5107743;0;1;0;1
5107750;1;7;1;7
5107768;0;0;0;0
5107776;0;28;0;28
5107792;0;0;0;0
5107800;0;130;0;130
5107859;0;228;0;228
5107875;0;1;0;1
5107883;0;0;0;0
5107909;53;226;53;226
5107925;13;74;13;74
5107941;0;33;0;33
5107958;0;122;0;122
5108006;0;2;0;2
5108055;0;18;0;18
5108105;0;17;0;17
5108204;0;0;0;0
5108303;0;10;0;10
5108352;0;0;0;0
5108402;6;908;6;908
5108501;1;2;1;2
5108600;0;35;0;35
5108808;0;1;0;1
5108857;0;45;0;45
5108907;0;0;0;0
5108956;2;7;2;7
5200050;0;0;0;0
5200100;1;15;1;15
5200134;0;13;0;13
5200159;0;2;0;2
5200175;1;5;1;5
5200209;0;1;0;1
5200258;18;1255;18;1255
5200308;0;57;0;57
5200506;0;2;0;2
5200555;0;0;0;0
5200605;0;3;0;3
5200803;0;7;0;7
5200829;0;0;0;0
5200852;3;35;3;35
5200902;0;0;0;0
5201108;26;121;26;121
5201207;0;1;0;1
5201306;0;18;0;18
5201405;15;401;15;401
5201454;0;4;0;4
5201504;0;1;0;1
5201603;0;4;0;4
5201702;0;13;0;13
5201801;0;3;0;3
5202155;0;14;0;14
5202353;0;0;0;0
5202502;0;17;0;17
5202601;0;0;0;0
5202809;0;2;0;2
5203104;1;5;1;5
5203203;0;5;0;5
5203302;0;185;0;185
5203401;0;26;0;26
5203500;2;20;2;20
5203559;0;9;0;9
5203575;0;0;0;0
5203609;0;6;0;6
5203807;0;5;0;5
5203906;0;6;0;6
5203939;0;1;0;1
5203962;0;0;0;0
5204003;1;13;1;13
5204102;0;4;0;4
5204201;0;0;0;0
5204250;2;19;2;19
5204300;0;8;0;8
5204409;0;3;0;3
5204508;0;164;0;164
5204557;0;0;0;0
5204607;0;0;0;0
5204656;0;0;0;0
5204706;0;10;0;10
5204805;0;6;0;6
5204854;0;1;0;1
5204904;0;37;0;37
5204953;0;82;0;82
5205000;0;8;0;8
5205059;0;1;0;1
5205109;0;18;0;18
5205208;1;4;1;4
5205307;0;5;0;5
5205406;0;15;0;15
5205455;1;4;1;4
5205471;0;0;0;0
5205497;3;257;3;257
5205513;0;6;0;6
5205521;0;1;0;1
5205703;0;1;0;1
5205802;0;2;0;2
5205901;0;2;0;2
5206206;1;232;1;232
5206305;0;2;0;2
5206404;1;17;1;17
5206503;0;4;0;4
5206602;0;0;0;0
5206701;0;0;0;0
5206800;0;2;0;2
5206909;0;1;0;1
5207105;0;0;0;0
5207253;0;5;0;5
5207352;0;5;0;5
5207402;0;5;0;5
5207501;0;1;0;1
5207535;0;11;0;11
5207600;0;4;0;4
5207808;0;5;0;5
5207907;0;12;0;12
5208004;0;90;0;90
5208103;0;0;0;0
5208152;0;0;0;0
5208301;0;0;0;0
5208400;0;2;0;2
5208509;0;1;0;1
5208608;9;68;9;68
5208707;28;147;28;147
5208806;0;77;0;77
5208905;2;11;2;11
5209101;8;34;8;34
5209150;1;4;1;4
5209200;0;7;0;7
5209291;4;3;4;3
5209408;0;2;0;2
5209457;0;0;0;0
5209606;0;0;0;0
5209705;1;196;1;196
5209804;0;13;0;13
5209903;0;22;0;22
5209937;0;8;0;8
5209952;0;8;0;8
5210000;1;18;1;18
5210109;0;3;0;3
5210158;0;3;0;3
5210208;1;68;1;68
5210307;0;24;0;24
5210406;1;74;1;74
5210562;1;5;1;5
5210604;0;1;0;1
5210802;0;0;0;0
5210901;0;62;0;62
5211008;0;18;0;18
5211206;1;41;1;41
5211305;0;6;0;6
5211404;0;6;0;6
5211503;1;54;1;54
5211602;0;32;0;32
5211701;1;1;1;1
5211800;1;67;1;67
5211909;1;26;1;26
5212006;0;1;0;1
5212055;0;1;0;1
5212105;1;1;1;1
5212204;0;5;0;5
5212253;0;0;0;0
5212303;0;4;0;4
5212501;7;1188;7;1188
5212600;0;0;0;0
5212709;0;4;0;4
5212808;0;20;0;20
5212907;0;1;0;1
5212956;0;3;0;3
5213004;0;14;0;14
5213053;0;4;0;4
5213087;0;8;0;8
5213103;1;8;1;8
5213400;0;0;0;0
5213509;0;3;0;3
5213707;0;64;0;64
5213756;0;4;0;4
5213772;0;2;0;2
5213806;0;3;0;3
5213855;0;1;0;1
5213905;0;0;0;0
5214002;0;22;0;22
5214051;0;36;0;36
5214101;0;8;0;8
5214408;0;6;0;6
5214507;0;1;0;1
5214606;0;107;0;107
5214705;0;2;0;2
5214804;0;0;0;0
5214838;0;21;0;21
5214861;0;34;0;34
5214879;0;0;0;0
5214903;0;0;0;0
5215009;2;7;2;7
5215207;0;5;0;5
5215231;12;565;12;565
5215256;0;15;0;15
5215306;0;6;0;6
5215405;0;1;0;1
5215504;0;0;0;0
5215603;3;401;3;401
5215652;0;2;0;2
5215702;1;22;1;22
5215801;0;0;0;0
5215900;0;2;0;2
5216007;0;4;0;4
5216304;0;1;0;1
5216403;1;14;1;14
5216452;0;0;0;0
5216809;0;4;0;4
5216908;0;1;0;1
5217104;1;22;1;22
5217203;0;8;0;8
5217302;0;11;0;11
5217401;0;6;0;6
5217609;1;305;1;305
5217708;2;9;2;9
5218003;0;47;0;47
5218052;0;0;0;0
5218102;0;6;0;6
5218300;0;72;0;72
5218391;0;0;0;0
5218508;2;24;2;24
5218607;0;8;0;8
5218706;0;10;0;10
5218789;2;5;2;5
5218805;12;64;12;64
5218904;1;26;1;26
5219001;0;2;0;2
5219100;0;0;0;0
5219209;0;1;0;1
5219258;0;6;0;6
5219308;3;38;3;38
5219357;1;2;1;2
5219407;0;0;0;0
5219456;0;0;0;0
5219506;0;9;0;9
5219605;0;2;0;2
5219704;0;19;0;19
5219712;0;6;0;6
5219738;0;0;0;0
5219753;5;780;5;780
5219803;0;1;0;1
5219902;0;4;0;4
5220009;0;18;0;18
5220058;0;1;0;1
5220108;0;52;0;52
5220157;1;29;1;29
5220207;1;57;1;57
5220264;0;2;0;2
5220280;0;1;0;1
5220405;1;7;1;7
5220454;8;123;8;123
5220504;0;1;0;1
5220603;0;5;0;5
5220686;0;1;0;1
5220702;0;0;0;0
5221007;0;1;0;1
5221080;0;5;0;5
5221197;0;2;0;2
5221304;0;0;0;0
5221403;0;243;0;243
5221452;0;2;0;2
5221502;0;2;0;2
5221551;0;0;0;0
5221577;0;2;0;2
5221601;2;57;2;57
5221700;0;9;0;9
5221809;0;0;0;0
5221858;1;200;1;200
5221908;0;4;0;4
5222005;0;0;0;0
5222054;1;0;1;0
5222203;0;2;0;2
5222302;0;1;0;1
5300108;85;533;85;533
